filename,width,height,class,xmin,ymin,xmax,ymax
scene00766_png.rf.d903f1b9ecd4ac0f202824c0ab6fbb97.jpg,1280,720,fire,334,137,1038,658
scene00496_png.rf.da645faae11e1d519e1b7d8c1282619f.jpg,1280,720,fire,238,86,1067,720
scene00496_png.rf.da645faae11e1d519e1b7d8c1282619f.jpg,1280,720,fire,138,488,250,585
scene00496_png.rf.da645faae11e1d519e1b7d8c1282619f.jpg,1280,720,fire,80,594,117,628
scene00496_png.rf.da645faae11e1d519e1b7d8c1282619f.jpg,1280,720,smoke,0,0,1273,507
scene00121_png.rf.e49ac23fd3588c3a0e09af7c62b357ce.jpg,1280,720,smoke,0,0,562,620
scene00121_png.rf.e49ac23fd3588c3a0e09af7c62b357ce.jpg,1280,720,fire,10,621,120,658
scene00901_png.rf.d65c73a40289a8c6c4e9a6866cf653a1.jpg,1280,720,fire,288,0,907,553
scene00901_png.rf.d65c73a40289a8c6c4e9a6866cf653a1.jpg,1280,720,fire,12,473,308,688
scene00901_png.rf.d65c73a40289a8c6c4e9a6866cf653a1.jpg,1280,720,fire,900,107,1264,485
scene00901_png.rf.d65c73a40289a8c6c4e9a6866cf653a1.jpg,1280,720,smoke,1,32,279,431
scene00901_png.rf.d65c73a40289a8c6c4e9a6866cf653a1.jpg,1280,720,smoke,904,0,1247,92
scene01336_png.rf.de3de74b5717d9677d0a2c84cfd67a91.jpg,1280,720,fire,526,121,923,642
scene01336_png.rf.de3de74b5717d9677d0a2c84cfd67a91.jpg,1280,720,fire,0,205,125,647
scene01336_png.rf.de3de74b5717d9677d0a2c84cfd67a91.jpg,1280,720,fire,168,204,533,689
scene01336_png.rf.de3de74b5717d9677d0a2c84cfd67a91.jpg,1280,720,fire,720,431,1280,716
scene01336_png.rf.de3de74b5717d9677d0a2c84cfd67a91.jpg,1280,720,smoke,97,41,1127,532
scene00721_png.rf.e2e6b5bf3ed2dacade74cc43c7646284.jpg,1280,720,fire,455,226,783,440
scene00721_png.rf.e2e6b5bf3ed2dacade74cc43c7646284.jpg,1280,720,smoke,674,39,1280,718
scene00721_png.rf.e2e6b5bf3ed2dacade74cc43c7646284.jpg,1280,720,smoke,65,26,842,271
scene00496_png.rf.e14de9f41df1ec3b27f904b677b31a37.jpg,1280,720,fire,251,115,1040,720
scene00496_png.rf.e14de9f41df1ec3b27f904b677b31a37.jpg,1280,720,fire,127,452,234,542
scene00496_png.rf.e14de9f41df1ec3b27f904b677b31a37.jpg,1280,720,fire,62,547,97,578
scene00496_png.rf.e14de9f41df1ec3b27f904b677b31a37.jpg,1280,720,smoke,0,0,1279,453
scene00001_png.rf.e467a27912ea2ae67a346a975132c7f2.jpg,1280,720,smoke,0,168,703,292
scene00001_png.rf.e467a27912ea2ae67a346a975132c7f2.jpg,1280,720,smoke,0,96,89,234
scene01096_png.rf.d8ec9b776b48427cdc20135a63744bc0.jpg,1280,720,fire,661,130,1138,715
scene01096_png.rf.d8ec9b776b48427cdc20135a63744bc0.jpg,1280,720,fire,109,107,366,655
scene01096_png.rf.d8ec9b776b48427cdc20135a63744bc0.jpg,1280,720,fire,382,36,675,447
scene01096_png.rf.d8ec9b776b48427cdc20135a63744bc0.jpg,1280,720,smoke,25,0,1271,338
scene00031_png.rf.e275a98414a553cf498cd41decb43a01.jpg,1280,720,fire,455,271,977,537
scene00031_png.rf.e275a98414a553cf498cd41decb43a01.jpg,1280,720,fire,272,302,331,413
scene00031_png.rf.e275a98414a553cf498cd41decb43a01.jpg,1280,720,fire,311,286,471,389
scene00031_png.rf.e275a98414a553cf498cd41decb43a01.jpg,1280,720,smoke,288,100,1059,514
scene00121_png.rf.e58b4e387616d310cfa5dd49c22e6288.jpg,1280,720,fire,483,209,905,639
scene00121_png.rf.e58b4e387616d310cfa5dd49c22e6288.jpg,1280,720,fire,304,178,359,284
scene00121_png.rf.e58b4e387616d310cfa5dd49c22e6288.jpg,1280,720,fire,334,220,502,269
scene00121_png.rf.e58b4e387616d310cfa5dd49c22e6288.jpg,1280,720,smoke,377,24,1003,631
scene00121_png.rf.e58b4e387616d310cfa5dd49c22e6288.jpg,1280,720,fire,826,569,1023,720
scene00031_png.rf.e5c458a305c01491c175eea9c98e3e01.jpg,1280,720,smoke,386,0,1233,219
scene00031_png.rf.e5c458a305c01491c175eea9c98e3e01.jpg,1280,720,smoke,224,150,414,253
scene00256_png.rf.e0c38fba5f3d0350183035242e09f24b.jpg,1280,720,fire,200,220,612,718
scene00256_png.rf.e0c38fba5f3d0350183035242e09f24b.jpg,1280,720,fire,550,133,802,359
scene00256_png.rf.e0c38fba5f3d0350183035242e09f24b.jpg,1280,720,fire,703,341,1280,703
scene00256_png.rf.e0c38fba5f3d0350183035242e09f24b.jpg,1280,720,fire,0,0,1280,591
scene00211_png.rf.e26da4277e7e92ea6904250b9b1aeb89.jpg,1280,720,fire,157,0,1104,720
scene00211_png.rf.e26da4277e7e92ea6904250b9b1aeb89.jpg,1280,720,fire,520,360,669,462
scene00211_png.rf.e26da4277e7e92ea6904250b9b1aeb89.jpg,1280,720,fire,445,160,506,243
scene00211_png.rf.e26da4277e7e92ea6904250b9b1aeb89.jpg,1280,720,smoke,832,114,1178,386
scene00211_png.rf.e26da4277e7e92ea6904250b9b1aeb89.jpg,1280,720,fire,314,0,423,131
scene00211_png.rf.e26da4277e7e92ea6904250b9b1aeb89.jpg,1280,720,fire,600,316,705,381
scene00976_png.rf.e613ce18eb451ca615b249c4c808dec0.jpg,1280,720,fire,15,0,891,693
scene00976_png.rf.e613ce18eb451ca615b249c4c808dec0.jpg,1280,720,smoke,122,0,730,126
scene00976_png.rf.e613ce18eb451ca615b249c4c808dec0.jpg,1280,720,fire,804,163,1280,720
scene01201_png.rf.e80f7ce663e112fba605372d69ce6303.jpg,1280,720,fire,311,0,1280,488
scene01201_png.rf.e80f7ce663e112fba605372d69ce6303.jpg,1280,720,smoke,0,86,1280,631
scene00241_png.rf.e4d3b5084b667d1f8a88129ff2ab67da.jpg,1280,720,fire,11,402,868,672
scene00241_png.rf.e4d3b5084b667d1f8a88129ff2ab67da.jpg,1280,720,fire,33,633,420,720
scene00241_png.rf.e4d3b5084b667d1f8a88129ff2ab67da.jpg,1280,720,smoke,0,0,822,491
scene01606_png.rf.e048d56c41c7d6bc480b57bf0c727370.jpg,1280,720,fire,791,451,1116,617
scene01606_png.rf.e048d56c41c7d6bc480b57bf0c727370.jpg,1280,720,smoke,63,225,1280,646
scene01606_png.rf.e048d56c41c7d6bc480b57bf0c727370.jpg,1280,720,smoke,0,103,381,350
scene01606_png.rf.e048d56c41c7d6bc480b57bf0c727370.jpg,1280,720,smoke,844,0,1274,332
scene01261_png.rf.ed71f1df7bd0dc8edeb92a297346eecd.jpg,1280,720,fire,311,0,1280,432
scene01261_png.rf.ed71f1df7bd0dc8edeb92a297346eecd.jpg,1280,720,smoke,11,139,1280,577
scene00556_png.rf.ecab7af5986a39da666e6bec9431da01.jpg,1280,720,fire,267,145,1011,720
scene00556_png.rf.ecab7af5986a39da666e6bec9431da01.jpg,1280,720,fire,49,356,183,420
scene00556_png.rf.ecab7af5986a39da666e6bec9431da01.jpg,1280,720,smoke,0,0,1280,397
scene00001_png.rf.ec26d58da4930b43d4b9638aa56e34c1.jpg,1280,720,smoke,0,165,696,326
scene00001_png.rf.ec26d58da4930b43d4b9638aa56e34c1.jpg,1280,720,smoke,0,126,82,268
scene00421_png.rf.ebe8a38caa4f2275ca54b72e0ad1e0e8.jpg,1280,720,fire,117,284,686,634
scene00421_png.rf.ebe8a38caa4f2275ca54b72e0ad1e0e8.jpg,1280,720,fire,563,259,1110,720
scene00421_png.rf.ebe8a38caa4f2275ca54b72e0ad1e0e8.jpg,1280,720,smoke,0,0,1258,502
scene00331_png.rf.e8f4087c3ba601278a4e3e33069ff71f.jpg,1280,720,fire,183,100,947,677
scene00331_png.rf.e8f4087c3ba601278a4e3e33069ff71f.jpg,1280,720,fire,619,480,685,541
scene00661_png.rf.e36ab0e2ecc6e5b2260daf3bca111807.jpg,1280,720,smoke,482,326,1267,720
scene00661_png.rf.e36ab0e2ecc6e5b2260daf3bca111807.jpg,1280,720,fire,378,152,909,438
scene00661_png.rf.e36ab0e2ecc6e5b2260daf3bca111807.jpg,1280,720,fire,350,0,1280,374
scene00076_png.rf.ef4b001002cb7274d648619667670fff.jpg,1280,720,fire,0,534,48,604
scene00076_png.rf.ef4b001002cb7274d648619667670fff.jpg,1280,720,smoke,0,0,733,602
scene00076_png.rf.ef4b001002cb7274d648619667670fff.jpg,1280,720,smoke,72,548,801,669
scene01426_png.rf.f1720c27551809c96fb3127d970c765f.jpg,1280,720,smoke,0,0,1280,654
scene01426_png.rf.f1720c27551809c96fb3127d970c765f.jpg,1280,720,fire,653,531,859,657
scene01426_png.rf.f1720c27551809c96fb3127d970c765f.jpg,1280,720,fire,848,513,902,566
scene02851_png.rf.f24e95ef4aadac5787d1ea9a82ed5627.jpg,1280,720,fire,612,187,817,376
scene02851_png.rf.f24e95ef4aadac5787d1ea9a82ed5627.jpg,1280,720,smoke,78,0,1234,331
scene02851_png.rf.f24e95ef4aadac5787d1ea9a82ed5627.jpg,1280,720,smoke,833,121,1260,306
scene02851_png.rf.f24e95ef4aadac5787d1ea9a82ed5627.jpg,1280,720,fire,1154,225,1202,278
scene01531_png.rf.f8b8513bb61b21832c87ba273c6d0eb1.jpg,1280,720,fire,735,451,994,602
scene01531_png.rf.f8b8513bb61b21832c87ba273c6d0eb1.jpg,1280,720,smoke,0,0,1280,681
scene00766_png.rf.f7e5bfbf6dff0ed5673db4501445cbaa.jpg,1280,720,fire,347,122,1046,634
scene00766_png.rf.f2359546a6086273fb1d29c30a393e81.jpg,1280,720,fire,351,157,1028,628
scene00931_png.rf.f1b9fd4c7a26e784d8b49d27c76c49ac.jpg,1280,720,fire,206,0,1280,720
scene00226_png.rf.f63a1b00baaac689ffa78e190c3064ca.jpg,1280,720,fire,0,353,838,637
scene00226_png.rf.f63a1b00baaac689ffa78e190c3064ca.jpg,1280,720,fire,0,545,363,690
scene00226_png.rf.f63a1b00baaac689ffa78e190c3064ca.jpg,1280,720,smoke,0,0,852,454
scene00646_png.rf.f272f75e4193bac7bf80be65c87cf61a.jpg,1280,720,fire,587,21,1001,720
scene00646_png.rf.f272f75e4193bac7bf80be65c87cf61a.jpg,1280,720,fire,0,52,318,502
scene00646_png.rf.f272f75e4193bac7bf80be65c87cf61a.jpg,1280,720,smoke,14,0,1280,348
scene01636_png.rf.fb0f48fd0f84d865504d81cc2d0bd9ba.jpg,1280,720,fire,739,549,1058,709
scene01636_png.rf.fb0f48fd0f84d865504d81cc2d0bd9ba.jpg,1280,720,smoke,63,0,1280,652
scene00271_png.rf.f8733be262682094a8983d23cdbbc607.jpg,1280,720,fire,194,149,573,625
scene00271_png.rf.f8733be262682094a8983d23cdbbc607.jpg,1280,720,fire,592,159,831,369
scene00271_png.rf.f8733be262682094a8983d23cdbbc607.jpg,1280,720,fire,638,470,1213,720
scene00271_png.rf.f8733be262682094a8983d23cdbbc607.jpg,1280,720,smoke,0,0,1280,537
scene00076_png.rf.f57040ff67605def7c3f59e8a478b39b.jpg,1280,720,fire,20,642,93,710
scene00076_png.rf.f57040ff67605def7c3f59e8a478b39b.jpg,1280,720,smoke,0,0,712,641
scene00076_png.rf.f57040ff67605def7c3f59e8a478b39b.jpg,1280,720,smoke,118,592,847,688
scene01261_png.rf.fc695b551dbb94c7b287c74ba8ea4dad.jpg,1280,720,fire,301,0,1280,410
scene01261_png.rf.fc695b551dbb94c7b287c74ba8ea4dad.jpg,1280,720,smoke,14,148,1280,565
scene04111_png.rf.f64bfbeaf21314f0db6db0d809a12c39.jpg,1280,720,fire,664,535,812,667
scene04111_png.rf.f64bfbeaf21314f0db6db0d809a12c39.jpg,1280,720,smoke,29,264,493,662
scene04111_png.rf.f64bfbeaf21314f0db6db0d809a12c39.jpg,1280,720,smoke,486,381,787,524
scene00061_png.rf.fb6f273cb21374a18cf223f7b0cfcc4e.jpg,1280,720,fire,453,284,986,515
scene00061_png.rf.fb6f273cb21374a18cf223f7b0cfcc4e.jpg,1280,720,fire,270,325,335,437
scene00061_png.rf.fb6f273cb21374a18cf223f7b0cfcc4e.jpg,1280,720,fire,310,298,469,411
scene00061_png.rf.fb6f273cb21374a18cf223f7b0cfcc4e.jpg,1280,720,smoke,277,119,1063,490
scene00796_png.rf.f971a60bef013d141ee981e519a452dd.jpg,1280,720,fire,197,281,501,720
scene00796_png.rf.f971a60bef013d141ee981e519a452dd.jpg,1280,720,fire,795,377,1280,698
scene00796_png.rf.f971a60bef013d141ee981e519a452dd.jpg,1280,720,smoke,245,5,1278,261
scene01576_png.rf.f138f835472d141bbfbcaf4b70f3ebba.jpg,1280,720,fire,708,513,1015,619
scene01576_png.rf.f138f835472d141bbfbcaf4b70f3ebba.jpg,1280,720,smoke,0,13,1280,563
scene01546_png.rf.fe7ebb6462fe2ac891c23955fa7aa966.jpg,1280,720,fire,661,522,919,670
scene01546_png.rf.fe7ebb6462fe2ac891c23955fa7aa966.jpg,1280,720,smoke,0,0,1280,671
scene01636_png.rf.fc935d6cdcd85f845aae1df69d50ad6b.jpg,1280,720,fire,723,555,1045,720
scene01636_png.rf.fc935d6cdcd85f845aae1df69d50ad6b.jpg,1280,720,smoke,57,0,1280,683
scene00121_png.rf.037f18a48cdf20626330164cde11ddbb.jpg,1280,720,fire,479,214,913,631
scene00121_png.rf.037f18a48cdf20626330164cde11ddbb.jpg,1280,720,fire,301,189,353,295
scene00121_png.rf.037f18a48cdf20626330164cde11ddbb.jpg,1280,720,fire,331,229,497,279
scene00121_png.rf.037f18a48cdf20626330164cde11ddbb.jpg,1280,720,smoke,367,29,1010,621
scene00121_png.rf.037f18a48cdf20626330164cde11ddbb.jpg,1280,720,fire,835,560,1041,720
scene01531_png.rf.096dc8c89bade29e14e262e53224a12d.jpg,1280,720,fire,689,517,939,641
scene01531_png.rf.096dc8c89bade29e14e262e53224a12d.jpg,1280,720,smoke,0,0,1280,607
scene00151_png.rf.01596c878b94af4d5becf2efeae77a33.jpg,1280,720,fire,0,341,837,639
scene00151_png.rf.01596c878b94af4d5becf2efeae77a33.jpg,1280,720,fire,0,533,359,684
scene00151_png.rf.01596c878b94af4d5becf2efeae77a33.jpg,1280,720,smoke,0,0,858,457
scene01651_png.rf.01b7cac652b646911a291425f94b1506.jpg,1280,720,fire,740,549,1134,712
scene01651_png.rf.01b7cac652b646911a291425f94b1506.jpg,1280,720,smoke,63,0,1280,652
scene00541_png.rf.0ab0dd4cec4379f2f03bc90b9a3e71eb.jpg,1280,720,fire,264,145,1008,720
scene00541_png.rf.0ab0dd4cec4379f2f03bc90b9a3e71eb.jpg,1280,720,fire,118,380,218,430
scene00541_png.rf.0ab0dd4cec4379f2f03bc90b9a3e71eb.jpg,1280,720,smoke,0,0,1280,397
scene00091_png.rf.00218e32399e1c205bb179e9486d82ff.jpg,1280,720,smoke,5,6,790,602
scene00091_png.rf.00218e32399e1c205bb179e9486d82ff.jpg,1280,720,fire,6,611,74,667
scene01051_png.rf.056acec610d94a7ff1dbb94b7e829511.jpg,1280,720,smoke,8,0,753,457
scene01051_png.rf.056acec610d94a7ff1dbb94b7e829511.jpg,1280,720,fire,246,253,1280,720
scene00121_png.rf.0acc5303f0cf433237068b530a602ab0.jpg,1280,720,smoke,0,0,581,615
scene00121_png.rf.0acc5303f0cf433237068b530a602ab0.jpg,1280,720,fire,0,587,106,630
scene00061_png.rf.11031c336749910702bb5aa4bed806cb.jpg,1280,720,fire,467,235,943,596
scene00061_png.rf.11031c336749910702bb5aa4bed806cb.jpg,1280,720,fire,290,235,333,341
scene00061_png.rf.11031c336749910702bb5aa4bed806cb.jpg,1280,720,fire,321,250,483,323
scene00061_png.rf.11031c336749910702bb5aa4bed806cb.jpg,1280,720,smoke,331,53,1036,581
scene01051_png.rf.0cf21daaec2bba429a1c3117a2fcd7a9.jpg,1280,720,smoke,0,0,748,600
scene01051_png.rf.0cf21daaec2bba429a1c3117a2fcd7a9.jpg,1280,720,fire,261,126,1280,720
scene00286_png.rf.04b3e24453d546dadbab58316603a08b.jpg,1280,720,fire,379,43,1035,466
scene00286_png.rf.04b3e24453d546dadbab58316603a08b.jpg,1280,720,fire,187,295,532,696
scene00286_png.rf.04b3e24453d546dadbab58316603a08b.jpg,1280,720,fire,621,483,1160,720
scene00286_png.rf.04b3e24453d546dadbab58316603a08b.jpg,1280,720,smoke,0,0,1280,553
scene01396_png.rf.17d56f3f94b5d5ff87d81e29491e35ba.jpg,1280,720,smoke,0,0,1280,611
scene01396_png.rf.17d56f3f94b5d5ff87d81e29491e35ba.jpg,1280,720,fire,605,557,805,670
scene00301_png.rf.115f3e0ce3b20e6cc67b0f32030c6833.jpg,1280,720,fire,42,22,262,195
scene00301_png.rf.115f3e0ce3b20e6cc67b0f32030c6833.jpg,1280,720,fire,45,45,48,48
scene00301_png.rf.115f3e0ce3b20e6cc67b0f32030c6833.jpg,1280,720,fire,280,267,1252,510
scene00301_png.rf.115f3e0ce3b20e6cc67b0f32030c6833.jpg,1280,720,smoke,338,0,1104,289
scene00301_png.rf.115f3e0ce3b20e6cc67b0f32030c6833.jpg,1280,720,smoke,9,165,238,581
scene00556_png.rf.0c9260232fd88bfa41808d4a2f059c3e.jpg,1280,720,fire,209,85,1038,720
scene00556_png.rf.0c9260232fd88bfa41808d4a2f059c3e.jpg,1280,720,fire,51,236,193,322
scene00556_png.rf.0c9260232fd88bfa41808d4a2f059c3e.jpg,1280,720,smoke,6,0,1280,507
scene00916_png.rf.19add588540b9f9b4e61b6d6bf8d39b0.jpg,1280,720,fire,281,229,1280,720
scene01471_png.rf.1bcde0d81561444d656b6edf30b53f0c.jpg,1280,720,fire,643,504,965,628
scene01471_png.rf.1bcde0d81561444d656b6edf30b53f0c.jpg,1280,720,smoke,0,0,756,295
scene01471_png.rf.1bcde0d81561444d656b6edf30b53f0c.jpg,1280,720,smoke,5,260,1280,635
scene01471_png.rf.1bcde0d81561444d656b6edf30b53f0c.jpg,1280,720,smoke,756,0,1272,284
scene00361_png.rf.0d1b7a61f07ce9aa3c76f5c7db9bf552.jpg,1280,720,fire,208,45,808,706
scene00361_png.rf.0d1b7a61f07ce9aa3c76f5c7db9bf552.jpg,1280,720,fire,508,331,739,596
scene01246_png.rf.2a1d3a14b3c133b387d85a9fc0776059.jpg,1280,720,fire,312,0,1280,531
scene01246_png.rf.2a1d3a14b3c133b387d85a9fc0776059.jpg,1280,720,smoke,0,46,1280,673
scene00166_png.rf.189a60e80d2aea9211cb9905604491a3.jpg,1280,720,fire,13,398,872,682
scene00166_png.rf.189a60e80d2aea9211cb9905604491a3.jpg,1280,720,fire,39,637,427,720
scene00166_png.rf.189a60e80d2aea9211cb9905604491a3.jpg,1280,720,smoke,0,0,823,502
scene00091_png.rf.25e0a71c8b5da56287021f38240a84e4.jpg,1280,720,fire,478,217,917,627
scene00091_png.rf.25e0a71c8b5da56287021f38240a84e4.jpg,1280,720,fire,300,195,350,300
scene00091_png.rf.25e0a71c8b5da56287021f38240a84e4.jpg,1280,720,fire,330,231,495,285
scene00091_png.rf.25e0a71c8b5da56287021f38240a84e4.jpg,1280,720,smoke,362,31,1014,617
scene00091_png.rf.25e0a71c8b5da56287021f38240a84e4.jpg,1280,720,fire,839,555,1047,720
scene01396_png.rf.271ecd81a307940bf3556395f5322181.jpg,1280,720,smoke,0,0,1280,622
scene01396_png.rf.271ecd81a307940bf3556395f5322181.jpg,1280,720,fire,599,556,801,673
scene00691_png.rf.2e1482cc7984a298f74c6a67938a8afa.jpg,1280,720,fire,459,231,780,434
scene00691_png.rf.2e1482cc7984a298f74c6a67938a8afa.jpg,1280,720,smoke,685,61,1279,720
scene00691_png.rf.2e1482cc7984a298f74c6a67938a8afa.jpg,1280,720,smoke,76,33,846,251
scene00406_png.rf.2b551a92968ff66b251fb6fec101cf4f.jpg,1280,720,fire,116,284,681,618
scene00406_png.rf.2b551a92968ff66b251fb6fec101cf4f.jpg,1280,720,fire,562,273,1101,720
scene00406_png.rf.2b551a92968ff66b251fb6fec101cf4f.jpg,1280,720,smoke,0,0,1263,480
scene02191_png.rf.19808b2737e88c6ec8d13a0148105dcb.jpg,1280,720,smoke,30,0,1280,213
scene02191_png.rf.19808b2737e88c6ec8d13a0148105dcb.jpg,1280,720,fire,31,277,789,604
scene02191_png.rf.19808b2737e88c6ec8d13a0148105dcb.jpg,1280,720,fire,0,554,119,647
scene02191_png.rf.19808b2737e88c6ec8d13a0148105dcb.jpg,1280,720,fire,663,452,804,720
scene02191_png.rf.19808b2737e88c6ec8d13a0148105dcb.jpg,1280,720,smoke,14,118,890,367
scene02191_png.rf.19808b2737e88c6ec8d13a0148105dcb.jpg,1280,720,fire,925,203,1075,440
scene02191_png.rf.19808b2737e88c6ec8d13a0148105dcb.jpg,1280,720,fire,832,411,935,605
scene00931_png.rf.231be8b5a91eda5109fbbc96e2d72acb.jpg,1280,720,fire,205,90,1280,720
scene00781_png.rf.2be1b465ad3d777038637bd2a97c7292.jpg,1280,720,fire,436,223,1179,677
scene00361_png.rf.26341841c67e996c774ef20ae185d016.jpg,1280,720,fire,270,0,736,720
scene00361_png.rf.26341841c67e996c774ef20ae185d016.jpg,1280,720,fire,516,307,695,607
scene02851_png.rf.143fbf87811dbb625f74e14e76057bfe.jpg,1280,720,fire,637,219,833,398
scene02851_png.rf.143fbf87811dbb625f74e14e76057bfe.jpg,1280,720,smoke,153,0,1280,310
scene02851_png.rf.143fbf87811dbb625f74e14e76057bfe.jpg,1280,720,smoke,860,267,1280,425
scene02851_png.rf.143fbf87811dbb625f74e14e76057bfe.jpg,1280,720,fire,1163,398,1208,449
scene00436_png.rf.1279a71fcce4b193a189af56bd6b333f.jpg,1280,720,fire,116,284,681,618
scene00436_png.rf.1279a71fcce4b193a189af56bd6b333f.jpg,1280,720,fire,562,273,1101,720
scene00436_png.rf.1279a71fcce4b193a189af56bd6b333f.jpg,1280,720,smoke,0,0,1263,480
scene01036_png.rf.16b31c6bf59da86700f246b8abca0afd.jpg,1280,720,smoke,7,7,731,462
scene01036_png.rf.16b31c6bf59da86700f246b8abca0afd.jpg,1280,720,fire,268,267,1280,720
scene00796_png.rf.255a38f2b77f4eb463fd4a88dc0be15a.jpg,1280,720,fire,196,284,507,720
scene00796_png.rf.255a38f2b77f4eb463fd4a88dc0be15a.jpg,1280,720,fire,795,365,1280,695
scene00796_png.rf.255a38f2b77f4eb463fd4a88dc0be15a.jpg,1280,720,smoke,239,0,1276,268
scene00271_png.rf.2c453398762e798be52130a966c64ea3.jpg,1280,720,fire,179,122,585,615
scene00271_png.rf.2c453398762e798be52130a966c64ea3.jpg,1280,720,fire,594,157,843,380
scene00271_png.rf.2c453398762e798be52130a966c64ea3.jpg,1280,720,fire,613,472,1199,720
scene00271_png.rf.2c453398762e798be52130a966c64ea3.jpg,1280,720,smoke,0,0,1280,580
scene00751_png.rf.1fd07a4ab8c701fd0b15696890d8bd24.jpg,1280,720,fire,405,180,884,542
scene00751_png.rf.1fd07a4ab8c701fd0b15696890d8bd24.jpg,1280,720,smoke,277,16,1280,317
scene00751_png.rf.1fd07a4ab8c701fd0b15696890d8bd24.jpg,1280,720,smoke,855,191,1280,720
scene00091_png.rf.3154f2df56c2ee4ae777f4fadee68bf6.jpg,1280,720,fire,459,255,965,563
scene00091_png.rf.3154f2df56c2ee4ae777f4fadee68bf6.jpg,1280,720,fire,278,274,328,383
scene00091_png.rf.3154f2df56c2ee4ae777f4fadee68bf6.jpg,1280,720,fire,313,270,475,361
scene00091_png.rf.3154f2df56c2ee4ae777f4fadee68bf6.jpg,1280,720,smoke,304,79,1051,543
scene00091_png.rf.3154f2df56c2ee4ae777f4fadee68bf6.jpg,1280,720,fire,892,484,1119,637
scene01171_png.rf.2bac0a91fefeddca73f386dc2b4503d1.jpg,1280,720,fire,572,108,842,515
scene01171_png.rf.2bac0a91fefeddca73f386dc2b4503d1.jpg,1280,720,fire,456,161,613,372
scene01171_png.rf.2bac0a91fefeddca73f386dc2b4503d1.jpg,1280,720,smoke,773,76,1280,720
scene01171_png.rf.2bac0a91fefeddca73f386dc2b4503d1.jpg,1280,720,smoke,170,0,533,656
scene01171_png.rf.2bac0a91fefeddca73f386dc2b4503d1.jpg,1280,720,smoke,253,363,1240,720
scene00031_png.rf.317b36365638e6afbcd19dda494feca6.jpg,1280,720,fire,457,261,970,552
scene00031_png.rf.317b36365638e6afbcd19dda494feca6.jpg,1280,720,fire,275,285,329,395
scene00031_png.rf.317b36365638e6afbcd19dda494feca6.jpg,1280,720,fire,312,277,473,372
scene00031_png.rf.317b36365638e6afbcd19dda494feca6.jpg,1280,720,smoke,297,87,1055,532
scene00091_png.rf.2f730071d524e1768af828da498b0700.jpg,1280,720,fire,465,241,950,587
scene00091_png.rf.2f730071d524e1768af828da498b0700.jpg,1280,720,fire,286,246,329,353
scene00091_png.rf.2f730071d524e1768af828da498b0700.jpg,1280,720,fire,319,256,480,334
scene00091_png.rf.2f730071d524e1768af828da498b0700.jpg,1280,720,smoke,322,60,1041,570
scene00091_png.rf.2f730071d524e1768af828da498b0700.jpg,1280,720,fire,875,511,1096,677
scene00241_png.rf.32a914db0ae361107efd321ecfe0792c.jpg,1280,720,fire,0,330,835,642
scene00241_png.rf.32a914db0ae361107efd321ecfe0792c.jpg,1280,720,fire,0,521,355,679
scene00241_png.rf.32a914db0ae361107efd321ecfe0792c.jpg,1280,720,smoke,0,0,864,460
scene01381_png.rf.24ded6211cbface345d36c3ff638e9cb.jpg,1280,720,smoke,0,0,1280,589
scene01381_png.rf.24ded6211cbface345d36c3ff638e9cb.jpg,1280,720,fire,615,557,812,664
scene00826_png.rf.3eb6a56edd8bea39453d78f96ef140c2.jpg,1280,720,fire,405,179,1280,720
scene00001_png.rf.42a0d88d1bc82b510fb0ba43c63f9c59.jpg,1280,720,smoke,421,4,1271,131
scene00916_png.rf.438268010125fff6354da2a84e9355fd.jpg,1280,720,fire,278,131,1280,720
scene01171_png.rf.2ca0b696237094bbb48e65f3ba0955d5.jpg,1280,720,fire,538,81,820,492
scene01171_png.rf.2ca0b696237094bbb48e65f3ba0955d5.jpg,1280,720,fire,423,216,585,429
scene01171_png.rf.2ca0b696237094bbb48e65f3ba0955d5.jpg,1280,720,smoke,766,0,1280,658
scene01171_png.rf.2ca0b696237094bbb48e65f3ba0955d5.jpg,1280,720,smoke,168,99,551,720
scene01171_png.rf.2ca0b696237094bbb48e65f3ba0955d5.jpg,1280,720,smoke,345,277,1280,720
scene01321_png.rf.37685cec2a9321718489ba7b1298820a.jpg,1280,720,smoke,458,81,1109,593
scene01321_png.rf.37685cec2a9321718489ba7b1298820a.jpg,1280,720,fire,110,265,422,720
scene01321_png.rf.37685cec2a9321718489ba7b1298820a.jpg,1280,720,fire,8,201,106,720
scene01321_png.rf.37685cec2a9321718489ba7b1298820a.jpg,1280,720,fire,720,410,1280,717
scene01366_png.rf.325a541b3191fc464b582d69136fdd7b.jpg,1280,720,fire,242,196,1280,674
scene01366_png.rf.325a541b3191fc464b582d69136fdd7b.jpg,1280,720,fire,487,67,941,295
scene01366_png.rf.325a541b3191fc464b582d69136fdd7b.jpg,1280,720,fire,0,235,116,646
scene01366_png.rf.325a541b3191fc464b582d69136fdd7b.jpg,1280,720,smoke,519,64,1280,720
scene01666_png.rf.460f7a0eacdca77d08feb1c72800943a.jpg,1280,720,fire,714,558,1111,720
scene01666_png.rf.460f7a0eacdca77d08feb1c72800943a.jpg,1280,720,smoke,54,0,1280,703
scene00946_png.rf.303a862f8ef036813b7953c54df36c96.jpg,1280,720,fire,89,46,1255,569
scene01336_png.rf.1e52773bc0cf693091776d1bba4c9a71.jpg,1280,720,fire,507,99,945,649
scene01336_png.rf.1e52773bc0cf693091776d1bba4c9a71.jpg,1280,720,fire,0,252,152,701
scene01336_png.rf.1e52773bc0cf693091776d1bba4c9a71.jpg,1280,720,fire,157,215,561,720
scene01336_png.rf.1e52773bc0cf693091776d1bba4c9a71.jpg,1280,720,fire,728,374,1280,707
scene01336_png.rf.1e52773bc0cf693091776d1bba4c9a71.jpg,1280,720,smoke,74,1,1137,577
scene01036_png.rf.3b1a843021b5b2063bfc0ff82318cc78.jpg,1280,720,smoke,0,1,738,516
scene01036_png.rf.3b1a843021b5b2063bfc0ff82318cc78.jpg,1280,720,fire,263,212,1280,720
scene00676_png.rf.374e8cca249149f7366807ede52b6ef4.jpg,1280,720,smoke,548,341,1280,720
scene00676_png.rf.374e8cca249149f7366807ede52b6ef4.jpg,1280,720,fire,376,198,886,392
scene00676_png.rf.374e8cca249149f7366807ede52b6ef4.jpg,1280,720,smoke,317,13,1280,249
scene00946_png.rf.388d70a408269e08dbfcef0875467f59.jpg,1280,720,fire,78,7,1259,604
scene00721_png.rf.4303940a15c0d0a94fc473fb263f5c98.jpg,1280,720,fire,448,199,802,460
scene00721_png.rf.4303940a15c0d0a94fc473fb263f5c98.jpg,1280,720,smoke,615,75,1280,720
scene00721_png.rf.4303940a15c0d0a94fc473fb263f5c98.jpg,1280,720,smoke,107,0,904,292
scene01261_png.rf.42e3df56cff126c5de617ba64a33b1e8.jpg,1280,720,fire,284,0,1280,427
scene01261_png.rf.42e3df56cff126c5de617ba64a33b1e8.jpg,1280,720,smoke,5,116,1280,597
scene01066_png.rf.3e85362c1eed235f4365faf6cfdee0d6.jpg,1280,720,fire,532,127,1152,720
scene01066_png.rf.3e85362c1eed235f4365faf6cfdee0d6.jpg,1280,720,smoke,0,0,796,432
scene01066_png.rf.3e85362c1eed235f4365faf6cfdee0d6.jpg,1280,720,fire,61,224,700,531
scene00031_png.rf.438fd22f89475a10a2d621525c6e1fc9.jpg,1280,720,fire,471,227,933,610
scene00031_png.rf.438fd22f89475a10a2d621525c6e1fc9.jpg,1280,720,fire,297,218,340,324
scene00031_png.rf.438fd22f89475a10a2d621525c6e1fc9.jpg,1280,720,fire,325,242,487,306
scene00031_png.rf.438fd22f89475a10a2d621525c6e1fc9.jpg,1280,720,smoke,343,43,1027,597
scene00091_png.rf.41b0653be0821bb6979454a4dec0e5ab.jpg,1280,720,smoke,0,0,829,708
scene00091_png.rf.41b0653be0821bb6979454a4dec0e5ab.jpg,1280,720,fire,59,705,136,720
scene00796_png.rf.3df5bda2d2ddf405979392fddb3971e2.jpg,1280,720,fire,143,204,511,687
scene00796_png.rf.3df5bda2d2ddf405979392fddb3971e2.jpg,1280,720,fire,733,415,1265,720
scene00796_png.rf.3df5bda2d2ddf405979392fddb3971e2.jpg,1280,720,smoke,275,0,1280,366
scene00211_png.rf.4566aa70767ce1fb6f2c9bb6c6d847b2.jpg,1280,720,fire,102,77,1235,699
scene00211_png.rf.4566aa70767ce1fb6f2c9bb6c6d847b2.jpg,1280,720,fire,531,365,676,475
scene00211_png.rf.4566aa70767ce1fb6f2c9bb6c6d847b2.jpg,1280,720,fire,415,193,485,271
scene00211_png.rf.4566aa70767ce1fb6f2c9bb6c6d847b2.jpg,1280,720,smoke,782,38,1173,319
scene00211_png.rf.4566aa70767ce1fb6f2c9bb6c6d847b2.jpg,1280,720,fire,175,30,365,189
scene00211_png.rf.4566aa70767ce1fb6f2c9bb6c6d847b2.jpg,1280,720,fire,592,319,705,378
scene00781_png.rf.4f7e4ada2bef5d2900b61e39f4e4c3c4.jpg,1280,720,fire,453,180,1196,634
scene00421_png.rf.46520741a58df09bfb0a54b7b2fc4716.jpg,1280,720,fire,115,284,665,567
scene00421_png.rf.46520741a58df09bfb0a54b7b2fc4716.jpg,1280,720,fire,561,314,1070,720
scene00421_png.rf.46520741a58df09bfb0a54b7b2fc4716.jpg,1280,720,smoke,0,0,1275,414
scene01246_png.rf.50206fa7794e0d23b0e78cf7ed27b603.jpg,1280,720,fire,311,0,1280,488
scene01246_png.rf.50206fa7794e0d23b0e78cf7ed27b603.jpg,1280,720,smoke,0,86,1280,631
scene00406_png.rf.4998997d5ce08affe12a159cfd46f7fd.jpg,1280,720,fire,101,186,664,512
scene00406_png.rf.4998997d5ce08affe12a159cfd46f7fd.jpg,1280,720,fire,494,340,1028,720
scene00406_png.rf.4998997d5ce08affe12a159cfd46f7fd.jpg,1280,720,smoke,16,0,1280,469
scene01186_png.rf.52fff6323eed209c1b56ad3a03544313.jpg,1280,720,fire,413,69,845,497
scene01186_png.rf.52fff6323eed209c1b56ad3a03544313.jpg,1280,720,smoke,152,18,1280,720
scene01411_png.rf.5bda703bffa7dbca2e56be37a7c3cda0.jpg,1280,720,smoke,0,0,1280,685
scene01411_png.rf.5bda703bffa7dbca2e56be37a7c3cda0.jpg,1280,720,fire,663,520,872,655
scene01366_png.rf.4c038f31e4a78c2eedf6d99a9ecdcd6b.jpg,1280,720,fire,204,190,1280,720
scene01366_png.rf.4c038f31e4a78c2eedf6d99a9ecdcd6b.jpg,1280,720,fire,531,79,995,342
scene01366_png.rf.4c038f31e4a78c2eedf6d99a9ecdcd6b.jpg,1280,720,fire,0,59,135,472
scene01366_png.rf.4c038f31e4a78c2eedf6d99a9ecdcd6b.jpg,1280,720,smoke,476,115,1280,720
scene00181_png.rf.50f09f407dc50ac5c920553b316b2baa.jpg,1280,720,fire,0,286,829,654
scene00181_png.rf.50f09f407dc50ac5c920553b316b2baa.jpg,1280,720,fire,0,475,341,658
scene00181_png.rf.50f09f407dc50ac5c920553b316b2baa.jpg,1280,720,smoke,1,0,886,471
scene00601_png.rf.5043ebf6a0a9800dd60d8a45e2d3a0a1.jpg,1280,720,fire,54,0,875,720
scene00601_png.rf.5043ebf6a0a9800dd60d8a45e2d3a0a1.jpg,1280,720,smoke,817,66,1280,720
scene00601_png.rf.5043ebf6a0a9800dd60d8a45e2d3a0a1.jpg,1280,720,fire,774,228,1054,654
scene00436_png.rf.536f29287bf3f9e94f34dc33bea9201a.jpg,1280,720,fire,118,284,655,531
scene00436_png.rf.536f29287bf3f9e94f34dc33bea9201a.jpg,1280,720,fire,562,341,1047,720
scene00436_png.rf.536f29287bf3f9e94f34dc33bea9201a.jpg,1280,720,smoke,0,0,1279,369
scene04111_png.rf.4bedceb549fad6d1eacee60c73fa324f.jpg,1280,720,fire,724,489,884,635
scene04111_png.rf.4bedceb549fad6d1eacee60c73fa324f.jpg,1280,720,smoke,57,347,557,720
scene04111_png.rf.4bedceb549fad6d1eacee60c73fa324f.jpg,1280,720,smoke,508,361,818,537
scene00541_png.rf.355fb8a7eb510f968faeb7649d83f1f8.jpg,1280,720,fire,241,120,1022,720
scene00541_png.rf.355fb8a7eb510f968faeb7649d83f1f8.jpg,1280,720,fire,115,344,218,400
scene00541_png.rf.355fb8a7eb510f968faeb7649d83f1f8.jpg,1280,720,smoke,0,0,1280,441
scene01186_png.rf.466f37e038f9e365a25d005762e70889.jpg,1280,720,fire,424,89,819,480
scene01186_png.rf.466f37e038f9e365a25d005762e70889.jpg,1280,720,smoke,187,63,1280,720
scene00106_png.rf.547449b2e6fcb3cbcbe82f27acff9881.jpg,1280,720,fire,0,565,81,624
scene00106_png.rf.547449b2e6fcb3cbcbe82f27acff9881.jpg,1280,720,smoke,0,0,853,637
scene01111_png.rf.511469ead4a8a1a98aa26024fc189393.jpg,1280,720,fire,578,116,848,491
scene01111_png.rf.511469ead4a8a1a98aa26024fc189393.jpg,1280,720,fire,443,214,576,415
scene01111_png.rf.511469ead4a8a1a98aa26024fc189393.jpg,1280,720,fire,440,508,569,640
scene01111_png.rf.511469ead4a8a1a98aa26024fc189393.jpg,1280,720,smoke,20,0,1280,687
scene00976_png.rf.48f8bd0f5d29f571a903499d3aa89179.jpg,1280,720,fire,43,82,868,715
scene00976_png.rf.48f8bd0f5d29f571a903499d3aa89179.jpg,1280,720,smoke,19,1,625,181
scene00976_png.rf.48f8bd0f5d29f571a903499d3aa89179.jpg,1280,720,fire,863,34,1280,691
scene00991_png.rf.459b51a7bb0619483f0785e89154b11c.jpg,1280,720,fire,59,95,849,677
scene00991_png.rf.459b51a7bb0619483f0785e89154b11c.jpg,1280,720,smoke,41,0,642,139
scene00991_png.rf.459b51a7bb0619483f0785e89154b11c.jpg,1280,720,fire,883,78,1280,711
scene00841_png.rf.4b286129279f0fb659c6ff4ac9fc360b.jpg,1280,720,fire,395,140,1280,720
scene00271_png.rf.587a816c363a654c77fc38bd29f839cf.jpg,1280,720,fire,0,199,271,322
scene00271_png.rf.587a816c363a654c77fc38bd29f839cf.jpg,1280,720,fire,348,207,1245,474
scene00271_png.rf.587a816c363a654c77fc38bd29f839cf.jpg,1280,720,smoke,228,0,1057,295
scene00271_png.rf.587a816c363a654c77fc38bd29f839cf.jpg,1280,720,smoke,89,327,853,589
scene01651_png.rf.4b8d7dd468a7156cd3b2d7c4eb8d70c3.jpg,1280,720,fire,781,531,1163,642
scene01651_png.rf.4b8d7dd468a7156cd3b2d7c4eb8d70c3.jpg,1280,720,smoke,86,42,1280,565
scene01501_png.rf.58307df9090e20d589618f62017ab0f8.jpg,1280,720,fire,600,528,923,657
scene01501_png.rf.58307df9090e20d589618f62017ab0f8.jpg,1280,720,smoke,18,0,803,253
scene01501_png.rf.58307df9090e20d589618f62017ab0f8.jpg,1280,720,smoke,0,249,1280,646
scene01501_png.rf.58307df9090e20d589618f62017ab0f8.jpg,1280,720,smoke,791,44,1280,364
scene01066_png.rf.604a4b87fbb04e7fa793aacbcf06e9d3.jpg,1280,720,fire,538,143,1142,720
scene01066_png.rf.604a4b87fbb04e7fa793aacbcf06e9d3.jpg,1280,720,smoke,0,0,797,409
scene01066_png.rf.604a4b87fbb04e7fa793aacbcf06e9d3.jpg,1280,720,fire,64,225,697,512
scene00061_png.rf.55f4e2a52563bca5e4c8c66217d310c7.jpg,1280,720,fire,0,513,90,634
scene00061_png.rf.55f4e2a52563bca5e4c8c66217d310c7.jpg,1280,720,smoke,0,0,776,590
scene00061_png.rf.55f4e2a52563bca5e4c8c66217d310c7.jpg,1280,720,smoke,167,566,783,635
scene00826_png.rf.5bf6d0a2f3e36f074a7c5c03eeedc84a.jpg,1280,720,fire,406,142,1280,720
scene00691_png.rf.54ce9627fdc624200393c194c36ff1dd.jpg,1280,720,fire,433,201,794,476
scene00691_png.rf.54ce9627fdc624200393c194c36ff1dd.jpg,1280,720,smoke,611,0,1280,698
scene00691_png.rf.54ce9627fdc624200393c194c36ff1dd.jpg,1280,720,smoke,13,0,813,390
scene00061_png.rf.5c4ea7f8b880d8f2830941e9eb788a67.jpg,1280,720,fire,459,255,965,563
scene00061_png.rf.5c4ea7f8b880d8f2830941e9eb788a67.jpg,1280,720,fire,278,274,328,383
scene00061_png.rf.5c4ea7f8b880d8f2830941e9eb788a67.jpg,1280,720,fire,313,270,475,361
scene00061_png.rf.5c4ea7f8b880d8f2830941e9eb788a67.jpg,1280,720,smoke,304,79,1051,543
scene01576_png.rf.5b62902d0d8a7631e786963d7032f45a.jpg,1280,720,fire,675,520,993,663
scene01576_png.rf.5b62902d0d8a7631e786963d7032f45a.jpg,1280,720,smoke,0,0,1280,639
scene00436_png.rf.5ca728989ca91afd05033b05e5027498.jpg,1280,720,fire,115,284,678,610
scene00436_png.rf.5ca728989ca91afd05033b05e5027498.jpg,1280,720,fire,562,279,1096,720
scene00436_png.rf.5ca728989ca91afd05033b05e5027498.jpg,1280,720,smoke,0,0,1266,469
scene00616_png.rf.65974eb9500101012d641a0c653eda42.jpg,1280,720,fire,271,40,777,720
scene00616_png.rf.65974eb9500101012d641a0c653eda42.jpg,1280,720,smoke,724,66,1280,720
scene00616_png.rf.65974eb9500101012d641a0c653eda42.jpg,1280,720,smoke,0,0,387,595
scene00301_png.rf.63cdfa8c76aeee15dd014effc674f5cb.jpg,1280,720,fire,0,208,220,314
scene00301_png.rf.63cdfa8c76aeee15dd014effc674f5cb.jpg,1280,720,fire,278,224,1247,476
scene00301_png.rf.63cdfa8c76aeee15dd014effc674f5cb.jpg,1280,720,smoke,233,0,1061,295
scene00301_png.rf.63cdfa8c76aeee15dd014effc674f5cb.jpg,1280,720,smoke,20,336,260,720
scene00241_png.rf.6e898252cc0946ddeb773c9f7c664d25.jpg,1280,720,fire,0,186,272,315
scene00241_png.rf.6e898252cc0946ddeb773c9f7c664d25.jpg,1280,720,fire,347,217,1247,477
scene00241_png.rf.6e898252cc0946ddeb773c9f7c664d25.jpg,1280,720,smoke,233,0,1063,295
scene02191_png.rf.6e236182acf4a5e31fdbf36e812c7ec6.jpg,1280,720,smoke,10,15,1256,159
scene02191_png.rf.6e236182acf4a5e31fdbf36e812c7ec6.jpg,1280,720,fire,49,328,787,592
scene02191_png.rf.6e236182acf4a5e31fdbf36e812c7ec6.jpg,1280,720,fire,11,610,139,692
scene02191_png.rf.6e236182acf4a5e31fdbf36e812c7ec6.jpg,1280,720,fire,694,448,812,714
scene02191_png.rf.6e236182acf4a5e31fdbf36e812c7ec6.jpg,1280,720,smoke,10,172,874,346
scene02191_png.rf.6e236182acf4a5e31fdbf36e812c7ec6.jpg,1280,720,fire,929,178,1060,404
scene02191_png.rf.6e236182acf4a5e31fdbf36e812c7ec6.jpg,1280,720,fire,852,392,939,579
scene01171_png.rf.5e28fb02d68f04926678c3aa58aa10e7.jpg,1280,720,fire,546,85,816,492
scene01171_png.rf.5e28fb02d68f04926678c3aa58aa10e7.jpg,1280,720,fire,427,212,584,423
scene01171_png.rf.5e28fb02d68f04926678c3aa58aa10e7.jpg,1280,720,smoke,778,0,1280,668
scene01171_png.rf.5e28fb02d68f04926678c3aa58aa10e7.jpg,1280,720,smoke,175,90,538,720
scene01171_png.rf.5e28fb02d68f04926678c3aa58aa10e7.jpg,1280,720,smoke,340,299,1280,720
scene00661_png.rf.7191c9672efb48f445657107918f4605.jpg,1280,720,smoke,561,333,1280,720
scene00661_png.rf.7191c9672efb48f445657107918f4605.jpg,1280,720,fire,374,203,881,389
scene00661_png.rf.7191c9672efb48f445657107918f4605.jpg,1280,720,fire,307,14,1278,233
scene00916_png.rf.6485b7ab90bc08f6bcf7b80e78aae457.jpg,1280,720,fire,288,207,1280,720
scene00001_png.rf.6ae3c231d7c6ef990cabb9c01be35773.jpg,1280,720,smoke,421,4,1271,131
scene00211_png.rf.530602b385e06454f44d6a9c37dabc4f.jpg,1280,720,fire,204,0,929,720
scene00211_png.rf.530602b385e06454f44d6a9c37dabc4f.jpg,1280,720,fire,515,357,664,452
scene00211_png.rf.530602b385e06454f44d6a9c37dabc4f.jpg,1280,720,fire,468,140,527,228
scene00211_png.rf.530602b385e06454f44d6a9c37dabc4f.jpg,1280,720,smoke,831,139,1171,451
scene00211_png.rf.530602b385e06454f44d6a9c37dabc4f.jpg,1280,720,fire,348,0,465,99
scene00211_png.rf.530602b385e06454f44d6a9c37dabc4f.jpg,1280,720,fire,606,311,705,383
scene00121_png.rf.6c36741c095a0027ff8498e18ac6f8a4.jpg,1280,720,smoke,0,0,618,603
scene00121_png.rf.6c36741c095a0027ff8498e18ac6f8a4.jpg,1280,720,fire,0,519,84,572
scene00946_png.rf.604751add43405cbd7f23c89e9d50d4a.jpg,1280,720,fire,93,56,1254,561
scene01366_png.rf.6ea86517adfe7c974e3b847e5c212d67.jpg,1280,720,fire,236,243,1280,668
scene01366_png.rf.6ea86517adfe7c974e3b847e5c212d67.jpg,1280,720,fire,518,92,964,298
scene01366_png.rf.6ea86517adfe7c974e3b847e5c212d67.jpg,1280,720,fire,0,143,100,552
scene01366_png.rf.6ea86517adfe7c974e3b847e5c212d67.jpg,1280,720,smoke,524,125,1280,720
scene00901_png.rf.60187d896ec24fbd939a4b7c377252e6.jpg,1280,720,fire,231,54,1280,720
scene01531_png.rf.6bc7ce123b752a535966429d649cf10f.jpg,1280,720,fire,710,508,955,619
scene01531_png.rf.6bc7ce123b752a535966429d649cf10f.jpg,1280,720,smoke,0,2,1280,574
scene01186_png.rf.676b51760b767560ea819f26f98745e4.jpg,1280,720,fire,375,63,834,519
scene01186_png.rf.676b51760b767560ea819f26f98745e4.jpg,1280,720,smoke,143,0,1280,720
scene00781_png.rf.6ea788784402005450191d3601963d48.jpg,1280,720,fire,440,225,1178,668
scene01156_png.rf.730a785fa437fd95b1027697cdd74edd.jpg,1280,720,fire,597,111,794,485
scene01156_png.rf.730a785fa437fd95b1027697cdd74edd.jpg,1280,720,fire,457,195,577,385
scene01156_png.rf.730a785fa437fd95b1027697cdd74edd.jpg,1280,720,smoke,853,25,1280,720
scene01156_png.rf.730a785fa437fd95b1027697cdd74edd.jpg,1280,720,smoke,232,48,464,701
scene01156_png.rf.730a785fa437fd95b1027697cdd74edd.jpg,1280,720,smoke,318,432,1269,704
scene00961_png.rf.7afc04e45fe405172de85b8458a62169.jpg,1280,720,fire,48,62,856,669
scene00961_png.rf.7afc04e45fe405172de85b8458a62169.jpg,1280,720,smoke,71,0,675,119
scene02191_png.rf.77e1109bed685f523950087783674707.jpg,1280,720,smoke,0,0,1195,306
scene02191_png.rf.77e1109bed685f523950087783674707.jpg,1280,720,fire,57,296,835,719
scene02191_png.rf.77e1109bed685f523950087783674707.jpg,1280,720,fire,713,407,888,693
scene02191_png.rf.77e1109bed685f523950087783674707.jpg,1280,720,smoke,0,124,865,488
scene02191_png.rf.77e1109bed685f523950087783674707.jpg,1280,720,fire,881,88,1059,338
scene02191_png.rf.77e1109bed685f523950087783674707.jpg,1280,720,fire,854,324,981,526
scene00166_png.rf.68c80df758deb900b2bb308801643b6b.jpg,1280,720,fire,0,286,829,654
scene00166_png.rf.68c80df758deb900b2bb308801643b6b.jpg,1280,720,fire,0,475,341,658
scene00166_png.rf.68c80df758deb900b2bb308801643b6b.jpg,1280,720,smoke,1,0,886,471
scene01636_png.rf.72af07bdc0a5f456f4eed4dd69360ec9.jpg,1280,720,fire,712,558,1036,720
scene01636_png.rf.72af07bdc0a5f456f4eed4dd69360ec9.jpg,1280,720,smoke,54,0,1280,703
scene00901_png.rf.7aacea0604c37f183b4964c6fbf2bb6a.jpg,1280,720,fire,267,92,1280,720
scene01321_png.rf.70cc10699aa0b0300678396095a3d521.jpg,1280,720,smoke,427,69,1143,671
scene01321_png.rf.70cc10699aa0b0300678396095a3d521.jpg,1280,720,fire,55,159,434,670
scene01321_png.rf.70cc10699aa0b0300678396095a3d521.jpg,1280,720,fire,0,66,137,609
scene01321_png.rf.70cc10699aa0b0300678396095a3d521.jpg,1280,720,fire,647,445,1254,720
scene00241_png.rf.76c6b7681e000c4b6de4dad621704e57.jpg,1280,720,fire,0,223,268,338
scene00241_png.rf.76c6b7681e000c4b6de4dad621704e57.jpg,1280,720,fire,350,188,1240,469
scene00241_png.rf.76c6b7681e000c4b6de4dad621704e57.jpg,1280,720,smoke,220,0,1051,297
scene01471_png.rf.7df140828ece0c41eb482e2a3940c88e.jpg,1280,720,fire,572,524,900,684
scene01471_png.rf.7df140828ece0c41eb482e2a3940c88e.jpg,1280,720,smoke,41,0,838,268
scene01471_png.rf.7df140828ece0c41eb482e2a3940c88e.jpg,1280,720,smoke,0,185,1275,709
scene01471_png.rf.7df140828ece0c41eb482e2a3940c88e.jpg,1280,720,smoke,796,64,1280,431
scene01096_png.rf.7babb975d16fcf84e9a32d70aa748fd1.jpg,1280,720,fire,671,154,1121,719
scene01096_png.rf.7babb975d16fcf84e9a32d70aa748fd1.jpg,1280,720,fire,122,90,351,629
scene01096_png.rf.7babb975d16fcf84e9a32d70aa748fd1.jpg,1280,720,fire,398,36,671,435
scene01096_png.rf.7babb975d16fcf84e9a32d70aa748fd1.jpg,1280,720,smoke,41,0,1277,308
scene01501_png.rf.7aef5088069d917c9151382c908094bd.jpg,1280,720,fire,586,526,912,671
scene01501_png.rf.7aef5088069d917c9151382c908094bd.jpg,1280,720,smoke,29,0,821,260
scene01501_png.rf.7aef5088069d917c9151382c908094bd.jpg,1280,720,smoke,0,217,1279,678
scene01501_png.rf.7aef5088069d917c9151382c908094bd.jpg,1280,720,smoke,794,54,1280,398
scene00931_png.rf.6f846801223d043b0a62eee9ae94c484.jpg,1280,720,fire,171,48,1280,720
scene00676_png.rf.754ead3463ccdbcc522e37055b96aa1d.jpg,1280,720,smoke,512,333,1276,720
scene00676_png.rf.754ead3463ccdbcc522e37055b96aa1d.jpg,1280,720,fire,376,172,900,417
scene00676_png.rf.754ead3463ccdbcc522e37055b96aa1d.jpg,1280,720,smoke,333,0,1280,317
scene01591_png.rf.86bf0ea0d11a6d33c44941b854fe0709.jpg,1280,720,fire,739,538,1002,662
scene01591_png.rf.86bf0ea0d11a6d33c44941b854fe0709.jpg,1280,720,smoke,0,117,1280,642
scene00061_png.rf.7e1944b32b65216092081cd01aae01ca.jpg,1280,720,fire,0,480,83,605
scene00061_png.rf.7e1944b32b65216092081cd01aae01ca.jpg,1280,720,smoke,0,0,795,595
scene00061_png.rf.7e1944b32b65216092081cd01aae01ca.jpg,1280,720,smoke,155,541,771,642
scene00901_png.rf.8404b0942ec0e6bc4fe2c758086d0881.jpg,1280,720,fire,240,0,929,602
scene00901_png.rf.8404b0942ec0e6bc4fe2c758086d0881.jpg,1280,720,fire,40,525,361,720
scene00901_png.rf.8404b0942ec0e6bc4fe2c758086d0881.jpg,1280,720,fire,861,16,1274,440
scene00901_png.rf.8404b0942ec0e6bc4fe2c758086d0881.jpg,1280,720,smoke,0,95,291,526
scene00901_png.rf.8404b0942ec0e6bc4fe2c758086d0881.jpg,1280,720,smoke,843,0,1194,52
scene00601_png.rf.7c4af2d1f6e7f3cfd6c0e930a43fa9bf.jpg,1280,720,fire,77,23,857,720
scene00601_png.rf.7c4af2d1f6e7f3cfd6c0e930a43fa9bf.jpg,1280,720,smoke,841,0,1280,671
scene00601_png.rf.7c4af2d1f6e7f3cfd6c0e930a43fa9bf.jpg,1280,720,fire,798,176,1052,589
scene00631_png.rf.7fb7e9e022f1aed576b95b77abafcbef.jpg,1280,720,fire,299,180,914,588
scene00631_png.rf.7fb7e9e022f1aed576b95b77abafcbef.jpg,1280,720,fire,15,480,314,699
scene00631_png.rf.7fb7e9e022f1aed576b95b77abafcbef.jpg,1280,720,fire,896,97,1266,480
scene00631_png.rf.7fb7e9e022f1aed576b95b77abafcbef.jpg,1280,720,smoke,0,38,279,441
scene00631_png.rf.7fb7e9e022f1aed576b95b77abafcbef.jpg,1280,720,smoke,897,0,1241,86
scene00631_png.rf.7fb7e9e022f1aed576b95b77abafcbef.jpg,1280,720,smoke,283,13,870,198
scene00616_png.rf.7d044fb8fac2be2a8290ad5abbe0dbf3.jpg,1280,720,fire,311,76,746,718
scene00616_png.rf.7d044fb8fac2be2a8290ad5abbe0dbf3.jpg,1280,720,smoke,769,45,1280,720
scene00616_png.rf.7d044fb8fac2be2a8290ad5abbe0dbf3.jpg,1280,720,smoke,14,54,349,636
scene00616_png.rf.8440dfb37f05c89f1b9ef7675261c9cf.jpg,1280,720,fire,300,79,766,720
scene00616_png.rf.8440dfb37f05c89f1b9ef7675261c9cf.jpg,1280,720,smoke,754,0,1280,706
scene00616_png.rf.8440dfb37f05c89f1b9ef7675261c9cf.jpg,1280,720,smoke,1,103,365,699
scene00271_png.rf.7d63c9c66f2df9603a3086c09d1be0f0.jpg,1280,720,fire,70,0,324,180
scene00271_png.rf.7d63c9c66f2df9603a3086c09d1be0f0.jpg,1280,720,fire,69,5,71,8
scene00271_png.rf.7d63c9c66f2df9603a3086c09d1be0f0.jpg,1280,720,fire,348,283,1247,518
scene00271_png.rf.7d63c9c66f2df9603a3086c09d1be0f0.jpg,1280,720,smoke,381,0,1110,303
scene00271_png.rf.7d63c9c66f2df9603a3086c09d1be0f0.jpg,1280,720,smoke,133,132,761,637
scene00646_png.rf.784505139c4b0ab1dd52b1331669c736.jpg,1280,720,fire,587,21,1001,720
scene00646_png.rf.784505139c4b0ab1dd52b1331669c736.jpg,1280,720,fire,0,52,318,502
scene00646_png.rf.784505139c4b0ab1dd52b1331669c736.jpg,1280,720,smoke,14,0,1280,348
scene00751_png.rf.7ca5d3eca29421bb921b717c2b5c89b1.jpg,1280,720,fire,408,184,881,538
scene00751_png.rf.7ca5d3eca29421bb921b717c2b5c89b1.jpg,1280,720,smoke,276,23,1280,306
scene00751_png.rf.7ca5d3eca29421bb921b717c2b5c89b1.jpg,1280,720,smoke,862,187,1280,720
scene00271_png.rf.7ce6e3e34fffdfa3b170ea13bc35277d.jpg,1280,720,fire,0,128,281,277
scene00271_png.rf.7ce6e3e34fffdfa3b170ea13bc35277d.jpg,1280,720,fire,344,268,1253,488
scene00271_png.rf.7ce6e3e34fffdfa3b170ea13bc35277d.jpg,1280,720,smoke,258,0,1078,292
scene00271_png.rf.7ce6e3e34fffdfa3b170ea13bc35277d.jpg,1280,720,smoke,95,270,829,597
scene00226_png.rf.78d6ce7f586636b78eee98df893a5440.jpg,1280,720,fire,0,297,831,651
scene00226_png.rf.78d6ce7f586636b78eee98df893a5440.jpg,1280,720,fire,0,487,344,663
scene00226_png.rf.78d6ce7f586636b78eee98df893a5440.jpg,1280,720,smoke,1,0,881,468
scene00361_png.rf.8413ba4d6ea3d1d5a1658c2d9a7c4602.jpg,1280,720,fire,252,5,758,720
scene00361_png.rf.8413ba4d6ea3d1d5a1658c2d9a7c4602.jpg,1280,720,fire,513,313,707,604
scene00151_png.rf.87574220d3de1d411c9e4e6da6b1621d.jpg,1280,720,fire,13,398,872,682
scene00151_png.rf.87574220d3de1d411c9e4e6da6b1621d.jpg,1280,720,fire,39,637,427,720
scene00151_png.rf.87574220d3de1d411c9e4e6da6b1621d.jpg,1280,720,smoke,0,0,823,502
scene01081_png.rf.883b5610d003aea024ef7cf43f561f8a.jpg,1280,720,fire,681,173,1117,720
scene01081_png.rf.883b5610d003aea024ef7cf43f561f8a.jpg,1280,720,fire,119,53,358,595
scene01081_png.rf.883b5610d003aea024ef7cf43f561f8a.jpg,1280,720,fire,406,26,686,429
scene01081_png.rf.883b5610d003aea024ef7cf43f561f8a.jpg,1280,720,smoke,57,0,1280,321
scene00241_png.rf.89f583639c86cfb0c46a72c542dd2a74.jpg,1280,720,fire,10,74,293,242
scene00241_png.rf.89f583639c86cfb0c46a72c542dd2a74.jpg,1280,720,fire,16,110,18,112
scene00241_png.rf.89f583639c86cfb0c46a72c542dd2a74.jpg,1280,720,fire,343,319,1255,499
scene00241_png.rf.89f583639c86cfb0c46a72c542dd2a74.jpg,1280,720,smoke,287,21,1093,291
scene01156_png.rf.912f99920a98637d312808274b96a184.jpg,1280,720,fire,592,109,796,486
scene01156_png.rf.912f99920a98637d312808274b96a184.jpg,1280,720,fire,454,196,577,388
scene01156_png.rf.912f99920a98637d312808274b96a184.jpg,1280,720,smoke,847,14,1280,716
scene01156_png.rf.912f99920a98637d312808274b96a184.jpg,1280,720,smoke,227,51,470,708
scene01156_png.rf.912f99920a98637d312808274b96a184.jpg,1280,720,smoke,319,421,1275,710
scene00721_png.rf.858eb474e353518f6be34b9bc6db0b98.jpg,1280,720,fire,452,212,793,448
scene00721_png.rf.858eb474e353518f6be34b9bc6db0b98.jpg,1280,720,smoke,647,67,1280,720
scene00721_png.rf.858eb474e353518f6be34b9bc6db0b98.jpg,1280,720,smoke,90,0,879,273
scene00601_png.rf.8737d31d1b7469270848004ae11e9873.jpg,1280,720,fire,80,8,849,720
scene00601_png.rf.8737d31d1b7469270848004ae11e9873.jpg,1280,720,smoke,847,43,1280,720
scene00601_png.rf.8737d31d1b7469270848004ae11e9873.jpg,1280,720,fire,797,213,1044,622
scene01426_png.rf.92d7d3f2e126b0c0c5fcfecc9483104e.jpg,1280,720,smoke,0,0,1280,611
scene01426_png.rf.92d7d3f2e126b0c0c5fcfecc9483104e.jpg,1280,720,fire,605,557,805,670
scene01426_png.rf.92d7d3f2e126b0c0c5fcfecc9483104e.jpg,1280,720,fire,807,559,858,609
scene00991_png.rf.92b77e9a173702acffdfdc75d4cc9239.jpg,1280,720,fire,21,0,884,688
scene00991_png.rf.92b77e9a173702acffdfdc75d4cc9239.jpg,1280,720,smoke,109,0,718,124
scene00991_png.rf.92b77e9a173702acffdfdc75d4cc9239.jpg,1280,720,fire,819,153,1280,720
scene00001_png.rf.89a6b9c685d2ca7a535eb80cc301263f.jpg,1280,720,smoke,386,0,1241,155
scene00901_png.rf.9865a94bb3a03476a9e0b5fda8e2cb02.jpg,1280,720,fire,300,4,901,542
scene00901_png.rf.9865a94bb3a03476a9e0b5fda8e2cb02.jpg,1280,720,fire,8,461,297,666
scene00901_png.rf.9865a94bb3a03476a9e0b5fda8e2cb02.jpg,1280,720,fire,908,128,1260,494
scene00901_png.rf.9865a94bb3a03476a9e0b5fda8e2cb02.jpg,1280,720,smoke,12,19,277,409
scene00901_png.rf.9865a94bb3a03476a9e0b5fda8e2cb02.jpg,1280,720,smoke,916,0,1256,101
scene00391_png.rf.97544d2c1c1e2c1dd151fc2244a2a5bb.jpg,1280,720,fire,117,284,657,540
scene00391_png.rf.97544d2c1c1e2c1dd151fc2244a2a5bb.jpg,1280,720,fire,562,334,1053,720
scene00391_png.rf.97544d2c1c1e2c1dd151fc2244a2a5bb.jpg,1280,720,smoke,0,0,1278,380
scene02851_png.rf.8dcfb73e9bbb1169fcb1ff0b75c1bef5.jpg,1280,720,fire,617,192,818,376
scene02851_png.rf.8dcfb73e9bbb1169fcb1ff0b75c1bef5.jpg,1280,720,smoke,86,0,1242,312
scene02851_png.rf.8dcfb73e9bbb1169fcb1ff0b75c1bef5.jpg,1280,720,smoke,839,142,1265,314
scene02851_png.rf.8dcfb73e9bbb1169fcb1ff0b75c1bef5.jpg,1280,720,fire,1158,244,1205,296
scene01501_png.rf.9960e1517337a636bbfecaa2178fc5bc.jpg,1280,720,fire,572,524,900,684
scene01501_png.rf.9960e1517337a636bbfecaa2178fc5bc.jpg,1280,720,smoke,41,0,838,268
scene01501_png.rf.9960e1517337a636bbfecaa2178fc5bc.jpg,1280,720,smoke,0,185,1275,709
scene01501_png.rf.9960e1517337a636bbfecaa2178fc5bc.jpg,1280,720,smoke,796,64,1280,431
scene01666_png.rf.952f6f9afedea21ab74b0875b490a542.jpg,1280,720,fire,751,545,1142,695
scene01666_png.rf.952f6f9afedea21ab74b0875b490a542.jpg,1280,720,smoke,67,0,1280,630
scene00421_png.rf.97a60ae5b4a3585078f5694b0c8e9fed.jpg,1280,720,fire,102,195,663,512
scene00421_png.rf.97a60ae5b4a3585078f5694b0c8e9fed.jpg,1280,720,fire,501,341,1030,720
scene00421_png.rf.97a60ae5b4a3585078f5694b0c8e9fed.jpg,1280,720,smoke,14,0,1280,458
scene00451_png.rf.94eb303f148ab15202e91ce309e2ea9c.jpg,1280,720,fire,393,214,1075,720
scene00451_png.rf.94eb303f148ab15202e91ce309e2ea9c.jpg,1280,720,fire,168,473,260,584
scene00451_png.rf.94eb303f148ab15202e91ce309e2ea9c.jpg,1280,720,smoke,0,0,1280,555
scene01561_png.rf.982a2d756c01ed70feaa3b602aed57eb.jpg,1280,720,fire,291,128,1269,679
scene01561_png.rf.982a2d756c01ed70feaa3b602aed57eb.jpg,1280,720,fire,25,482,372,720
scene01561_png.rf.982a2d756c01ed70feaa3b602aed57eb.jpg,1280,720,smoke,0,82,369,524
scene01561_png.rf.982a2d756c01ed70feaa3b602aed57eb.jpg,1280,720,smoke,301,0,1218,265
scene00181_png.rf.91466edc0e06123d5eb9ac0290ea5d37.jpg,1280,720,fire,0,397,843,623
scene00181_png.rf.91466edc0e06123d5eb9ac0290ea5d37.jpg,1280,720,fire,0,590,379,709
scene00181_png.rf.91466edc0e06123d5eb9ac0290ea5d37.jpg,1280,720,smoke,1,0,828,442
scene00331_png.rf.9cdffd4705f9ca00299ca2aede802319.jpg,1280,720,fire,226,35,890,713
scene00331_png.rf.9cdffd4705f9ca00299ca2aede802319.jpg,1280,720,fire,599,475,658,540
scene00121_png.rf.a547a45d91b2a9795ae7da8112fa09f9.jpg,1280,720,fire,470,230,936,605
scene00121_png.rf.a547a45d91b2a9795ae7da8112fa09f9.jpg,1280,720,fire,295,224,337,329
scene00121_png.rf.a547a45d91b2a9795ae7da8112fa09f9.jpg,1280,720,fire,324,245,486,312
scene00121_png.rf.a547a45d91b2a9795ae7da8112fa09f9.jpg,1280,720,smoke,339,46,1030,592
scene00121_png.rf.a547a45d91b2a9795ae7da8112fa09f9.jpg,1280,720,fire,860,531,1076,707
scene01231_png.rf.9b09a637e8b9418b28868ea5c96010e9.jpg,1280,720,fire,311,0,1280,444
scene01231_png.rf.9b09a637e8b9418b28868ea5c96010e9.jpg,1280,720,smoke,8,128,1280,588
scene01666_png.rf.a24464b4b34c7ac221f8ba03ae509055.jpg,1280,720,fire,801,466,1194,623
scene01666_png.rf.a24464b4b34c7ac221f8ba03ae509055.jpg,1280,720,smoke,51,0,1280,631
scene00241_png.rf.986d2ca985d61c06196031402c19eb71.jpg,1280,720,fire,0,297,831,651
scene00241_png.rf.986d2ca985d61c06196031402c19eb71.jpg,1280,720,fire,0,487,344,663
scene00241_png.rf.986d2ca985d61c06196031402c19eb71.jpg,1280,720,smoke,1,0,881,468
scene01156_png.rf.9e91a91c577ef6e42e7ecb8dbe853332.jpg,1280,720,fire,575,99,804,489
scene01156_png.rf.9e91a91c577ef6e42e7ecb8dbe853332.jpg,1280,720,fire,443,201,579,401
scene01156_png.rf.9e91a91c577ef6e42e7ecb8dbe853332.jpg,1280,720,smoke,823,0,1280,700
scene01156_png.rf.9e91a91c577ef6e42e7ecb8dbe853332.jpg,1280,720,smoke,206,63,494,720
scene01156_png.rf.9e91a91c577ef6e42e7ecb8dbe853332.jpg,1280,720,smoke,325,376,1280,720
scene01231_png.rf.a1b7cf8b35a74dcd6f86309a080dbfeb.jpg,1280,720,fire,268,0,1279,444
scene01231_png.rf.a1b7cf8b35a74dcd6f86309a080dbfeb.jpg,1280,720,smoke,0,83,1280,628
scene00691_png.rf.9b1a629a2644f1421b1ef85e0f7abf97.jpg,1280,720,fire,440,209,791,465
scene00691_png.rf.9b1a629a2644f1421b1ef85e0f7abf97.jpg,1280,720,smoke,632,0,1280,706
scene00691_png.rf.9b1a629a2644f1421b1ef85e0f7abf97.jpg,1280,720,smoke,28,3,824,351
scene01426_png.rf.9b71c1145c69ef419618f61505f2407b.jpg,1280,720,smoke,0,0,1280,633
scene01426_png.rf.9b71c1145c69ef419618f61505f2407b.jpg,1280,720,fire,594,555,797,675
scene01426_png.rf.9b71c1145c69ef419618f61505f2407b.jpg,1280,720,fire,798,565,851,617
scene01336_png.rf.9979a43cda2ed458159c537c21ac42b0.jpg,1280,720,fire,499,91,953,652
scene01336_png.rf.9979a43cda2ed458159c537c21ac42b0.jpg,1280,720,fire,0,271,164,720
scene01336_png.rf.9979a43cda2ed458159c537c21ac42b0.jpg,1280,720,fire,153,219,572,720
scene01336_png.rf.9979a43cda2ed458159c537c21ac42b0.jpg,1280,720,fire,730,351,1280,702
scene01336_png.rf.9979a43cda2ed458159c537c21ac42b0.jpg,1280,720,smoke,66,0,1140,594
scene00256_png.rf.a4ca837192d2015c76f423275e4b7948.jpg,1280,720,fire,173,109,591,610
scene00256_png.rf.a4ca837192d2015c76f423275e4b7948.jpg,1280,720,fire,594,157,848,386
scene00256_png.rf.a4ca837192d2015c76f423275e4b7948.jpg,1280,720,fire,600,472,1191,720
scene00256_png.rf.a4ca837192d2015c76f423275e4b7948.jpg,1280,720,fire,0,0,1280,601
scene00031_png.rf.9e5accd587b371fa56e5966b041812a7.jpg,1280,720,smoke,398,0,1243,211
scene00031_png.rf.9e5accd587b371fa56e5966b041812a7.jpg,1280,720,smoke,231,142,419,239
scene01591_png.rf.9e306fdfb48330f68ecc4595a2456c97.jpg,1280,720,fire,705,549,976,702
scene01591_png.rf.9e306fdfb48330f68ecc4595a2456c97.jpg,1280,720,smoke,0,44,1280,716
scene00841_png.rf.a6d6c73fc763e99b5fa49190399dd2f5.jpg,1280,720,fire,380,85,1280,720
scene01141_png.rf.9f142edd9bb2da691d93bd158f869752.jpg,1280,720,fire,597,111,794,485
scene01141_png.rf.9f142edd9bb2da691d93bd158f869752.jpg,1280,720,fire,457,195,577,385
scene01141_png.rf.9f142edd9bb2da691d93bd158f869752.jpg,1280,720,smoke,853,25,1280,720
scene01141_png.rf.9f142edd9bb2da691d93bd158f869752.jpg,1280,720,smoke,232,48,464,701
scene01141_png.rf.9f142edd9bb2da691d93bd158f869752.jpg,1280,720,smoke,318,432,1269,704
scene01546_png.rf.9ecea0345b10ea565f0ac3b65b3ca604.jpg,1280,720,fire,707,513,950,620
scene01546_png.rf.9ecea0345b10ea565f0ac3b65b3ca604.jpg,1280,720,smoke,0,13,1280,563
scene01201_png.rf.a040c616a497d9c07a7fde2a61662173.jpg,1280,720,fire,313,13,1280,399
scene01201_png.rf.a040c616a497d9c07a7fde2a61662173.jpg,1280,720,smoke,20,171,1280,544
scene00301_png.rf.ab5b62e076660a0d3968416c6de1dc55.jpg,1280,720,fire,0,197,222,306
scene00301_png.rf.ab5b62e076660a0d3968416c6de1dc55.jpg,1280,720,fire,277,234,1249,478
scene00301_png.rf.ab5b62e076660a0d3968416c6de1dc55.jpg,1280,720,smoke,238,0,1064,294
scene00301_png.rf.ab5b62e076660a0d3968416c6de1dc55.jpg,1280,720,smoke,20,325,255,720
scene01066_png.rf.a654cea415e3e68718ca38905622c36f.jpg,1280,720,fire,510,174,1130,720
scene01066_png.rf.a654cea415e3e68718ca38905622c36f.jpg,1280,720,smoke,5,0,840,373
scene01066_png.rf.a654cea415e3e68718ca38905622c36f.jpg,1280,720,fire,65,161,704,468
scene01231_png.rf.a810ec11fc771a3c4452c734bf79894f.jpg,1280,720,fire,252,0,1275,460
scene01231_png.rf.a810ec11fc771a3c4452c734bf79894f.jpg,1280,720,smoke,0,52,1280,659
scene01381_png.rf.a76e7b6b34fe21cff45afecaf6b73d41.jpg,1280,720,smoke,0,0,1280,705
scene01381_png.rf.a76e7b6b34fe21cff45afecaf6b73d41.jpg,1280,720,fire,559,550,770,691
scene01096_png.rf.a91bf71165baabe30e18bd3342d38c76.jpg,1280,720,fire,671,154,1121,719
scene01096_png.rf.a91bf71165baabe30e18bd3342d38c76.jpg,1280,720,fire,122,90,351,629
scene01096_png.rf.a91bf71165baabe30e18bd3342d38c76.jpg,1280,720,fire,398,36,671,435
scene01096_png.rf.a91bf71165baabe30e18bd3342d38c76.jpg,1280,720,smoke,41,0,1277,308
scene00961_png.rf.a567c3a849d3f4d7ee1355be51d3b674.jpg,1280,720,fire,51,89,859,696
scene00961_png.rf.a567c3a849d3f4d7ee1355be51d3b674.jpg,1280,720,smoke,29,1,633,160
scene01411_png.rf.afafec16207ff236104a48d4bc20f42e.jpg,1280,720,smoke,0,0,1280,705
scene01411_png.rf.afafec16207ff236104a48d4bc20f42e.jpg,1280,720,fire,559,550,770,691
scene01081_png.rf.ac18fa00208b649a1b37c8b6ac57beab.jpg,1280,720,fire,656,70,1177,698
scene01081_png.rf.ac18fa00208b649a1b37c8b6ac57beab.jpg,1280,720,fire,81,154,406,720
scene01081_png.rf.ac18fa00208b649a1b37c8b6ac57beab.jpg,1280,720,fire,343,39,684,478
scene01081_png.rf.ac18fa00208b649a1b37c8b6ac57beab.jpg,1280,720,smoke,0,0,1247,421
scene00511_png.rf.9a5f5b66b30e33dc4ba6091fd88085ba.jpg,1280,720,fire,248,109,1046,720
scene00511_png.rf.9a5f5b66b30e33dc4ba6091fd88085ba.jpg,1280,720,fire,129,460,237,551
scene00511_png.rf.9a5f5b66b30e33dc4ba6091fd88085ba.jpg,1280,720,fire,65,556,100,588
scene00511_png.rf.9a5f5b66b30e33dc4ba6091fd88085ba.jpg,1280,720,smoke,0,0,1278,463
scene01276_png.rf.a6df338a6e272cd6492ba623668c5c91.jpg,1280,720,fire,11,260,581,720
scene01276_png.rf.a6df338a6e272cd6492ba623668c5c91.jpg,1280,720,fire,443,0,1155,486
scene01276_png.rf.a6df338a6e272cd6492ba623668c5c91.jpg,1280,720,fire,759,306,1280,686
scene01276_png.rf.a6df338a6e272cd6492ba623668c5c91.jpg,1280,720,smoke,478,20,1280,720
scene00406_png.rf.a90140798917fe246a6d42454ea12b98.jpg,1280,720,fire,113,257,653,513
scene00406_png.rf.a90140798917fe246a6d42454ea12b98.jpg,1280,720,fire,543,351,1034,720
scene00406_png.rf.a90140798917fe246a6d42454ea12b98.jpg,1280,720,smoke,3,0,1280,381
scene00991_png.rf.b405972996c8699c9c3c6dd05ace09ab.jpg,1280,720,fire,47,85,863,705
scene00991_png.rf.b405972996c8699c9c3c6dd05ace09ab.jpg,1280,720,smoke,24,1,629,171
scene00991_png.rf.b405972996c8699c9c3c6dd05ace09ab.jpg,1280,720,fire,868,45,1280,696
scene00226_png.rf.a516a87c6652c5a360bb0864abf13e43.jpg,1280,720,fire,0,375,841,630
scene00226_png.rf.a516a87c6652c5a360bb0864abf13e43.jpg,1280,720,fire,0,567,371,699
scene00226_png.rf.a516a87c6652c5a360bb0864abf13e43.jpg,1280,720,smoke,0,0,840,448
scene00256_png.rf.a99756d8d4c4287907dabd113095b065.jpg,1280,720,fire,190,142,576,622
scene00256_png.rf.a99756d8d4c4287907dabd113095b065.jpg,1280,720,fire,592,158,834,372
scene00256_png.rf.a99756d8d4c4287907dabd113095b065.jpg,1280,720,fire,631,470,1209,720
scene00256_png.rf.a99756d8d4c4287907dabd113095b065.jpg,1280,720,fire,0,0,1280,548
scene01576_png.rf.b8583dd6fa14405988ce241a770c6540.jpg,1280,720,fire,652,524,974,692
scene01576_png.rf.b8583dd6fa14405988ce241a770c6540.jpg,1280,720,smoke,0,0,1280,691
scene01246_png.rf.b1231887056230448758a9a1c66ebeb4.jpg,1280,720,fire,273,0,1280,438
scene01246_png.rf.b1231887056230448758a9a1c66ebeb4.jpg,1280,720,smoke,1,94,1280,618
scene00271_png.rf.aa9fe709df9fcd990e41eda298c6143c.jpg,1280,720,fire,210,208,582,679
scene00271_png.rf.aa9fe709df9fcd990e41eda298c6143c.jpg,1280,720,fire,570,147,806,354
scene00271_png.rf.aa9fe709df9fcd990e41eda298c6143c.jpg,1280,720,fire,693,404,1265,714
scene00271_png.rf.aa9fe709df9fcd990e41eda298c6143c.jpg,1280,720,smoke,0,0,1280,526
scene00631_png.rf.b49da44b75b12cebb991ac9d2c8e0c0c.jpg,1280,720,fire,282,148,923,604
scene00631_png.rf.b49da44b75b12cebb991ac9d2c8e0c0c.jpg,1280,720,fire,0,355,281,597
scene00631_png.rf.b49da44b75b12cebb991ac9d2c8e0c0c.jpg,1280,720,fire,887,184,1280,594
scene00631_png.rf.b49da44b75b12cebb991ac9d2c8e0c0c.jpg,1280,720,smoke,20,0,335,341
scene00631_png.rf.b49da44b75b12cebb991ac9d2c8e0c0c.jpg,1280,720,smoke,959,54,1280,206
scene00631_png.rf.b49da44b75b12cebb991ac9d2c8e0c0c.jpg,1280,720,smoke,337,0,931,215
scene00901_png.rf.b3eb0d958bd97dcffe53487876d6a2cf.jpg,1280,720,fire,241,27,1280,720
scene01606_png.rf.b3e6d2dad0b7ed945231fb793cd1db8e.jpg,1280,720,fire,791,451,1116,617
scene01606_png.rf.b3e6d2dad0b7ed945231fb793cd1db8e.jpg,1280,720,smoke,63,225,1280,646
scene01606_png.rf.b3e6d2dad0b7ed945231fb793cd1db8e.jpg,1280,720,smoke,0,103,381,350
scene01606_png.rf.b3e6d2dad0b7ed945231fb793cd1db8e.jpg,1280,720,smoke,844,0,1274,332
scene00106_png.rf.ba5bed552018687dfa12bd4a765a3e11.jpg,1280,720,fire,0,472,57,543
scene00106_png.rf.ba5bed552018687dfa12bd4a765a3e11.jpg,1280,720,smoke,0,0,898,658
scene00031_png.rf.b609084b438be01f17fb6f4c8890ef10.jpg,1280,720,smoke,439,0,1270,185
scene00031_png.rf.b609084b438be01f17fb6f4c8890ef10.jpg,1280,720,smoke,257,115,438,191
scene00496_png.rf.b51211eefbbc5c1a2b4a981cec3070c5.jpg,1280,720,fire,264,145,1008,720
scene00496_png.rf.b51211eefbbc5c1a2b4a981cec3070c5.jpg,1280,720,fire,117,399,217,481
scene00496_png.rf.b51211eefbbc5c1a2b4a981cec3070c5.jpg,1280,720,fire,42,478,75,507
scene00496_png.rf.b51211eefbbc5c1a2b4a981cec3070c5.jpg,1280,720,smoke,0,0,1280,397
scene01381_png.rf.b73a0d1b8f22b53c4d5dda104eaf7f48.jpg,1280,720,smoke,0,0,1280,643
scene01381_png.rf.b73a0d1b8f22b53c4d5dda104eaf7f48.jpg,1280,720,fire,589,555,794,678
scene01036_png.rf.b4c52a2a9e813b3c070957af2ebffdb9.jpg,1280,720,smoke,0,1,736,505
scene01036_png.rf.b4c52a2a9e813b3c070957af2ebffdb9.jpg,1280,720,fire,264,223,1280,720
scene00286_png.rf.b4a4f6d272335c24cff635d557fbbbca.jpg,1280,720,fire,339,18,1003,461
scene00286_png.rf.b4a4f6d272335c24cff635d557fbbbca.jpg,1280,720,fire,236,371,592,720
scene00286_png.rf.b4a4f6d272335c24cff635d557fbbbca.jpg,1280,720,fire,692,384,1237,709
scene00286_png.rf.b4a4f6d272335c24cff635d557fbbbca.jpg,1280,720,smoke,0,0,1280,575
scene01111_png.rf.b1ab7801f6d1100e445f61477f5526b2.jpg,1280,720,fire,606,152,850,515
scene01111_png.rf.b1ab7801f6d1100e445f61477f5526b2.jpg,1280,720,fire,475,173,594,369
scene01111_png.rf.b1ab7801f6d1100e445f61477f5526b2.jpg,1280,720,fire,376,448,497,573
scene01111_png.rf.b1ab7801f6d1100e445f61477f5526b2.jpg,1280,720,smoke,59,0,1280,654
scene00331_png.rf.bb7d14ba5f0218d4f702d330b735fb58.jpg,1280,720,fire,327,0,768,720
scene00331_png.rf.bb7d14ba5f0218d4f702d330b735fb58.jpg,1280,720,fire,570,460,623,533
scene00541_png.rf.b86205e045947bdbd2110171ff401f50.jpg,1280,720,fire,243,97,1057,720
scene00541_png.rf.b86205e045947bdbd2110171ff401f50.jpg,1280,720,fire,130,455,235,518
scene00541_png.rf.b86205e045947bdbd2110171ff401f50.jpg,1280,720,smoke,0,0,1276,486
scene00106_png.rf.b89aa9d3ea8f2c98936f8133db7cd6bd.jpg,1280,720,fire,0,472,57,543
scene00106_png.rf.b89aa9d3ea8f2c98936f8133db7cd6bd.jpg,1280,720,smoke,0,0,898,658
scene00751_png.rf.bda079469199f6ae5f17c204aebad8f2.jpg,1280,720,fire,411,188,878,534
scene00751_png.rf.bda079469199f6ae5f17c204aebad8f2.jpg,1280,720,smoke,275,29,1280,295
scene00751_png.rf.bda079469199f6ae5f17c204aebad8f2.jpg,1280,720,smoke,868,183,1280,719
scene00631_png.rf.bc614fa4bb20bf326b5a585ea63d6b93.jpg,1280,720,fire,284,153,920,600
scene00631_png.rf.bc614fa4bb20bf326b5a585ea63d6b93.jpg,1280,720,fire,0,366,282,604
scene00631_png.rf.bc614fa4bb20bf326b5a585ea63d6b93.jpg,1280,720,fire,890,179,1280,584
scene00631_png.rf.bc614fa4bb20bf326b5a585ea63d6b93.jpg,1280,720,smoke,19,0,328,347
scene00631_png.rf.bc614fa4bb20bf326b5a585ea63d6b93.jpg,1280,720,smoke,955,49,1280,195
scene00631_png.rf.bc614fa4bb20bf326b5a585ea63d6b93.jpg,1280,720,smoke,333,0,926,210
scene00076_png.rf.bb5c68d8e65766c2c1c1f3641f52bc35.jpg,1280,720,fire,0,546,51,615
scene00076_png.rf.bb5c68d8e65766c2c1c1f3641f52bc35.jpg,1280,720,smoke,0,0,726,601
scene00076_png.rf.bb5c68d8e65766c2c1c1f3641f52bc35.jpg,1280,720,smoke,76,558,805,666
scene00166_png.rf.bd4a223932f2814512758d3ac2c0673d.jpg,1280,720,fire,11,402,868,672
scene00166_png.rf.bd4a223932f2814512758d3ac2c0673d.jpg,1280,720,fire,33,633,420,720
scene00166_png.rf.bd4a223932f2814512758d3ac2c0673d.jpg,1280,720,smoke,0,0,822,491
scene00556_png.rf.c51a5b54de1d851fcea0ecc426a06464.jpg,1280,720,fire,199,74,1042,720
scene00556_png.rf.c51a5b54de1d851fcea0ecc426a06464.jpg,1280,720,fire,53,216,196,306
scene00556_png.rf.c51a5b54de1d851fcea0ecc426a06464.jpg,1280,720,smoke,10,0,1280,529
scene00451_png.rf.bdabfe4a70451ea67a4bbd32dfc2a90c.jpg,1280,720,fire,356,247,1026,720
scene00451_png.rf.bdabfe4a70451ea67a4bbd32dfc2a90c.jpg,1280,720,fire,138,334,227,443
scene00451_png.rf.bdabfe4a70451ea67a4bbd32dfc2a90c.jpg,1280,720,smoke,0,0,1280,534
scene01201_png.rf.b9f5d6b800640d99308b43ad74e3327b.jpg,1280,720,fire,311,0,1280,509
scene01201_png.rf.b9f5d6b800640d99308b43ad74e3327b.jpg,1280,720,smoke,0,66,1280,652
scene00091_png.rf.b94b7dd1d99c376400d1636f41cd9d92.jpg,1280,720,smoke,0,0,849,624
scene00091_png.rf.b94b7dd1d99c376400d1636f41cd9d92.jpg,1280,720,fire,0,497,39,564
scene01651_png.rf.c0ceef5a6f48172aa30f2203af69ed45.jpg,1280,720,fire,784,522,1168,640
scene01651_png.rf.c0ceef5a6f48172aa30f2203af69ed45.jpg,1280,720,smoke,80,30,1280,574
scene01141_png.rf.bf1ecaf3347727d4d62c57a62001f152.jpg,1280,720,fire,572,108,842,515
scene01141_png.rf.bf1ecaf3347727d4d62c57a62001f152.jpg,1280,720,fire,456,161,613,372
scene01141_png.rf.bf1ecaf3347727d4d62c57a62001f152.jpg,1280,720,smoke,773,76,1280,720
scene01141_png.rf.bf1ecaf3347727d4d62c57a62001f152.jpg,1280,720,smoke,170,0,533,656
scene01141_png.rf.bf1ecaf3347727d4d62c57a62001f152.jpg,1280,720,smoke,253,363,1240,720
scene00976_png.rf.bfa9f59be4ff3077b24e8afe6fcc1347.jpg,1280,720,fire,47,85,863,705
scene00976_png.rf.bfa9f59be4ff3077b24e8afe6fcc1347.jpg,1280,720,smoke,24,1,629,171
scene00976_png.rf.bfa9f59be4ff3077b24e8afe6fcc1347.jpg,1280,720,fire,868,45,1280,696
scene00181_png.rf.c42fa8b0d4f15f9e97c14ff12cb92617.jpg,1280,720,fire,0,386,842,627
scene00181_png.rf.c42fa8b0d4f15f9e97c14ff12cb92617.jpg,1280,720,fire,0,578,375,704
scene00181_png.rf.c42fa8b0d4f15f9e97c14ff12cb92617.jpg,1280,720,smoke,0,0,834,445
scene00451_png.rf.c0b53ffb6b3d0e52dc79587232afff3d.jpg,1280,720,fire,339,235,1027,720
scene00451_png.rf.c0b53ffb6b3d0e52dc79587232afff3d.jpg,1280,720,fire,136,308,229,420
scene00451_png.rf.c0b53ffb6b3d0e52dc79587232afff3d.jpg,1280,720,smoke,0,0,1280,566
scene00676_png.rf.c019b9366ab3d338ec8cd468cdd78058.jpg,1280,720,smoke,548,341,1280,720
scene00676_png.rf.c019b9366ab3d338ec8cd468cdd78058.jpg,1280,720,fire,376,198,886,392
scene00676_png.rf.c019b9366ab3d338ec8cd468cdd78058.jpg,1280,720,smoke,317,13,1280,249
scene01591_png.rf.c93fb56104a61a6b3884e2d72aee2611.jpg,1280,720,fire,739,538,1002,662
scene01591_png.rf.c93fb56104a61a6b3884e2d72aee2611.jpg,1280,720,smoke,0,117,1280,642
scene00061_png.rf.c644ba1ff03a00ee04acbe18f449a25b.jpg,1280,720,fire,0,480,83,605
scene00061_png.rf.c644ba1ff03a00ee04acbe18f449a25b.jpg,1280,720,smoke,0,0,795,595
scene00061_png.rf.c644ba1ff03a00ee04acbe18f449a25b.jpg,1280,720,smoke,155,541,771,642
scene01606_png.rf.c3072512daf6594615859f87d624ca27.jpg,1280,720,fire,700,545,1029,720
scene01606_png.rf.c3072512daf6594615859f87d624ca27.jpg,1280,720,smoke,33,196,1272,697
scene01606_png.rf.c3072512daf6594615859f87d624ca27.jpg,1280,720,smoke,41,0,469,197
scene01606_png.rf.c3072512daf6594615859f87d624ca27.jpg,1280,720,smoke,884,132,1280,515
scene01411_png.rf.bcaff24a18da5245d3f3e633607c5d78.jpg,1280,720,smoke,0,0,1280,696
scene01411_png.rf.bcaff24a18da5245d3f3e633607c5d78.jpg,1280,720,fire,564,551,774,689
scene01321_png.rf.c33eefd29f5f2716a889f022dcc438f7.jpg,1280,720,smoke,416,7,1138,618
scene01321_png.rf.c33eefd29f5f2716a889f022dcc438f7.jpg,1280,720,fire,104,307,490,720
scene01321_png.rf.c33eefd29f5f2716a889f022dcc438f7.jpg,1280,720,fire,0,299,179,720
scene01321_png.rf.c33eefd29f5f2716a889f022dcc438f7.jpg,1280,720,fire,731,297,1280,696
scene01051_png.rf.c4fff8b8cd7b7a0f3c5d3632bed15d94.jpg,1280,720,smoke,6,0,777,462
scene01051_png.rf.c4fff8b8cd7b7a0f3c5d3632bed15d94.jpg,1280,720,fire,223,228,1280,720
scene01396_png.rf.c355024cfaec99daa79b9b257c654dc0.jpg,1280,720,smoke,0,0,1280,621
scene01396_png.rf.c355024cfaec99daa79b9b257c654dc0.jpg,1280,720,fire,642,541,844,658
scene00286_png.rf.c65605952a31df055e13e008f824a9e6.jpg,1280,720,fire,331,8,1003,469
scene00286_png.rf.c65605952a31df055e13e008f824a9e6.jpg,1280,720,fire,239,375,605,720
scene00286_png.rf.c65605952a31df055e13e008f824a9e6.jpg,1280,720,fire,695,365,1245,706
scene00286_png.rf.c65605952a31df055e13e008f824a9e6.jpg,1280,720,smoke,0,0,1280,596
scene00661_png.rf.ca53e522ea86c21d6a97184ccb9cda6c.jpg,1280,720,smoke,548,341,1280,720
scene00661_png.rf.ca53e522ea86c21d6a97184ccb9cda6c.jpg,1280,720,fire,376,198,886,392
scene00661_png.rf.ca53e522ea86c21d6a97184ccb9cda6c.jpg,1280,720,fire,317,13,1280,249
scene01276_png.rf.c8eed5b6299ee0a99393e511dda4748d.jpg,1280,720,fire,0,105,519,684
scene01276_png.rf.c8eed5b6299ee0a99393e511dda4748d.jpg,1280,720,fire,491,58,1191,552
scene01276_png.rf.c8eed5b6299ee0a99393e511dda4748d.jpg,1280,720,fire,666,480,1248,720
scene01276_png.rf.c8eed5b6299ee0a99393e511dda4748d.jpg,1280,720,smoke,454,149,1280,720
scene04111_png.rf.c9a9286865224ed10d24b22a06cd200c.jpg,1280,720,fire,628,538,788,684
scene04111_png.rf.c9a9286865224ed10d24b22a06cd200c.jpg,1280,720,smoke,1,194,501,638
scene04111_png.rf.c9a9286865224ed10d24b22a06cd200c.jpg,1280,720,smoke,470,363,780,539
scene01081_png.rf.c2d7dd37e1981903b3e791bd1e370f00.jpg,1280,720,fire,652,63,1181,695
scene01081_png.rf.c2d7dd37e1981903b3e791bd1e370f00.jpg,1280,720,fire,78,160,411,720
scene01081_png.rf.c2d7dd37e1981903b3e791bd1e370f00.jpg,1280,720,fire,338,40,685,481
scene01081_png.rf.c2d7dd37e1981903b3e791bd1e370f00.jpg,1280,720,smoke,0,0,1243,431
scene00391_png.rf.cc30f93985777fbc7a4208e865eeb1b3.jpg,1280,720,fire,115,284,668,576
scene00391_png.rf.cc30f93985777fbc7a4208e865eeb1b3.jpg,1280,720,fire,562,307,1076,720
scene00391_png.rf.cc30f93985777fbc7a4208e865eeb1b3.jpg,1280,720,smoke,0,0,1273,425
scene01561_png.rf.cc758d8c94a37cfb42402c7699ff7a99.jpg,1280,720,fire,304,218,1239,632
scene01561_png.rf.cc758d8c94a37cfb42402c7699ff7a99.jpg,1280,720,fire,4,431,312,720
scene01561_png.rf.cc758d8c94a37cfb42402c7699ff7a99.jpg,1280,720,smoke,22,32,357,431
scene01561_png.rf.cc758d8c94a37cfb42402c7699ff7a99.jpg,1280,720,smoke,350,0,1252,219
scene00826_png.rf.c95bb5b01e8cc9fa16c2ec9b5987a543.jpg,1280,720,fire,404,132,1280,720
scene00646_png.rf.cac73b0de466eb9f12911fdfba313580.jpg,1280,720,fire,582,4,1008,720
scene00646_png.rf.cac73b0de466eb9f12911fdfba313580.jpg,1280,720,fire,0,92,317,547
scene00646_png.rf.cac73b0de466eb9f12911fdfba313580.jpg,1280,720,smoke,0,0,1277,359
scene01546_png.rf.cc8628f74750df48a865009bb5626145.jpg,1280,720,fire,735,451,994,602
scene01546_png.rf.cc8628f74750df48a865009bb5626145.jpg,1280,720,smoke,0,0,1280,681
scene01276_png.rf.c8b11a1a4b32e7dfec6cc5c68b46ab30.jpg,1280,720,fire,15,199,495,715
scene01276_png.rf.c8b11a1a4b32e7dfec6cc5c68b46ab30.jpg,1280,720,fire,504,74,1156,475
scene01276_png.rf.c8b11a1a4b32e7dfec6cc5c68b46ab30.jpg,1280,720,fire,724,467,1276,720
scene01276_png.rf.c8b11a1a4b32e7dfec6cc5c68b46ab30.jpg,1280,720,smoke,508,165,1280,720
scene00391_png.rf.d14b83ddbe2483b57f17c1643003f3bd.jpg,1280,720,fire,115,284,678,610
scene00391_png.rf.d14b83ddbe2483b57f17c1643003f3bd.jpg,1280,720,fire,562,279,1096,720
scene00391_png.rf.d14b83ddbe2483b57f17c1643003f3bd.jpg,1280,720,smoke,0,0,1266,469
scene01561_png.rf.c1e1771decf52a81979500f559df27a6.jpg,1280,720,fire,264,177,1242,720
scene01561_png.rf.c1e1771decf52a81979500f559df27a6.jpg,1280,720,fire,0,296,295,636
scene01561_png.rf.c1e1771decf52a81979500f559df27a6.jpg,1280,720,smoke,34,0,424,354
scene01561_png.rf.c1e1771decf52a81979500f559df27a6.jpg,1280,720,smoke,396,0,1280,330
scene00511_png.rf.ce67ab362798649cd0a16e9d201e587d.jpg,1280,720,fire,231,69,1081,720
scene00511_png.rf.ce67ab362798649cd0a16e9d201e587d.jpg,1280,720,fire,147,509,262,611
scene00511_png.rf.ce67ab362798649cd0a16e9d201e587d.jpg,1280,720,fire,94,621,132,656
scene00511_png.rf.ce67ab362798649cd0a16e9d201e587d.jpg,1280,720,smoke,0,0,1267,540
scene01141_png.rf.8b0263123efaf0a5d4528c8b5cc1d694.jpg,1280,720,fire,578,108,831,508
scene01141_png.rf.8b0263123efaf0a5d4528c8b5cc1d694.jpg,1280,720,fire,456,168,604,375
scene01141_png.rf.8b0263123efaf0a5d4528c8b5cc1d694.jpg,1280,720,smoke,794,62,1280,720
scene01141_png.rf.8b0263123efaf0a5d4528c8b5cc1d694.jpg,1280,720,smoke,184,0,515,668
scene01141_png.rf.8b0263123efaf0a5d4528c8b5cc1d694.jpg,1280,720,smoke,268,381,1250,720
scene01471_png.rf.c52404652b9e1335a695401fc79893e9.jpg,1280,720,fire,640,509,961,628
scene01471_png.rf.c52404652b9e1335a695401fc79893e9.jpg,1280,720,smoke,0,0,758,284
scene01471_png.rf.c52404652b9e1335a695401fc79893e9.jpg,1280,720,smoke,5,271,1280,624
scene01471_png.rf.c52404652b9e1335a695401fc79893e9.jpg,1280,720,smoke,762,0,1274,287
scene01111_png.rf.d2c30482e4a5e7a1cf90eccae4480807.jpg,1280,720,fire,595,129,839,492
scene01111_png.rf.d2c30482e4a5e7a1cf90eccae4480807.jpg,1280,720,fire,454,206,573,402
scene01111_png.rf.d2c30482e4a5e7a1cf90eccae4480807.jpg,1280,720,fire,426,499,547,624
scene01111_png.rf.d2c30482e4a5e7a1cf90eccae4480807.jpg,1280,720,smoke,40,0,1280,642
scene00841_png.rf.cfc28b0187c89a2e013e2fb7d7f95936.jpg,1280,720,fire,395,140,1280,720
scene00511_png.rf.d629002934806db4837349fbdddab4bf.jpg,1280,720,fire,252,133,1015,720
scene00511_png.rf.d629002934806db4837349fbdddab4bf.jpg,1280,720,fire,113,381,216,466
scene00511_png.rf.d629002934806db4837349fbdddab4bf.jpg,1280,720,fire,38,457,71,487
scene00511_png.rf.d629002934806db4837349fbdddab4bf.jpg,1280,720,smoke,0,0,1280,419
scene00001_png.rf.d369947870ca4bd8195d674cbab327b1.jpg,1280,720,smoke,6,175,718,225
scene00001_png.rf.d369947870ca4bd8195d674cbab327b1.jpg,1280,720,smoke,6,39,106,167
scene00961_png.rf.ca3e17d4074a583f52a3fa50fe4d6dae.jpg,1280,720,fire,67,102,838,657
scene00961_png.rf.ca3e17d4074a583f52a3fa50fe4d6dae.jpg,1280,720,smoke,53,0,650,118
scene00151_png.rf.d092fb8080a22479662f495cf51bb52e.jpg,1280,720,fire,15,394,876,692
scene00151_png.rf.d092fb8080a22479662f495cf51bb52e.jpg,1280,720,fire,44,641,433,720
scene00151_png.rf.d092fb8080a22479662f495cf51bb52e.jpg,1280,720,smoke,0,0,824,513